tekst,kategoria,priorytet
"Dzień dobry, Po migracji część plików ma datę modyfikacji z 1970 roku Proszę o kontakt.",Oprogramowanie,średni
"Witam, Excel liczy formuły bardzo wolno, kilka minut na przeliczenie Pozdrawiam.",Oprogramowanie,niski
Brak dostępu do dysku sieciowego Blokuje mi to pracę.,Konto,niski
Nie przychodzi kod weryfikacyjny SMS-em Pozdrawiam.,Konto,średni
Prosze o instalacje Notepad++ Proszę o kontakt.,Oprogramowanie,średni
"Bateria puchnie, obudowa się wybrzusza",Sprzęt,wysoki
"Dzień dobry, Nie mam połączenia po zmianie hasła do WiFi Proszę o kontakt.",Sieć,niski
"Dzień dobry, Komunikator firmowy nie pokazuje historii rozmów Próbowałem restartu, nie pomogło.",Oprogramowanie,niski
Proszę o pomoc — Problem z dostępem do serwera plików z oddziału w Gdańsku,Sieć,średni
"Pilne: Komputer działa, ale nic się nie ładuje Pozdrawiam.",Sprzęt,wysoki
"Hej, Nie mogę się połączyć z bazą z domu, w biurze działa Blokuje mi to pracę.",Sieć,wysoki
Nie widze zakladki raportow w panelu,Oprogramowanie,niski
"Dwie osoby mają ten sam login, kolizja przy logowaniu Z góry dziękuję.",Konto,niski
"Hej, Kod 2FA nie dochodzi Proszę o kontakt.",Konto,średni
"Hej, Potrzebuję dostępu do raportów zarządczych Dzięki!",Konto,wysoki
"Hej, Po podłączeniu do sieci gościnnej nie widzę firmowych zasobów",Sieć,niski
Proszę o pomoc — Po instalacji aktualizacji system prosi o restart w kółko Blokuje mi to pracę.,Oprogramowanie,niski
"Strona intranetu się nie ładuje, inne działają normalnie",Sieć,niski
"Outlook nie odpala Próbowałem restartu, nie pomogło.",Oprogramowanie,średni
"Strony ładują się po kilkanaście sekund, wszystkie",Sieć,wysoki
"Nie widzę części modułów, chyba brak uprawnień Blokuje mi to pracę.",Konto,średni
"Dzień dobry, Skaner nie wysyla dokumentow na maila Próbowałem restartu, nie pomogło.",Sprzęt,wysoki
"Witam, Komputer działa, ale nic się nie ładuje",Sprzęt,wysoki
"Coś blokuje port, aplikacja nie łączy się z serwerem Proszę o kontakt.",Sieć,średni
Nie mogę się zalogować na służbowym laptopie Z góry dziękuję.,Sprzęt,niski
"Hej, Proszę o dodanie do grupy projektowej",Konto,średni
Pilne: Padł mi laptop. Po prostu padł. Nic nie robiłem Dzięki!,Sprzęt,wysoki
"Hej, Kabel sieciowy w gnieździe, dioda nie świeci Z góry dziękuję.",Sieć,średni
"Prośba o wymianę sprzętu — mam ThinkPada z 2018, nie wyrabia Pozdrawiam.",Sprzęt,średni
Nie dziala VPN po instalacji nowego antywirusa Pozdrawiam.,Oprogramowanie,niski
"Nie da się wydrukować z aplikacji, lista drukarek pusta",Oprogramowanie,niski
"Dzień dobry, Program zawiesza sie zawsze przy tym samym kroku kreatora",Oprogramowanie,niski
Pilne: Program nie moze polaczyc sie z baza danych Z góry dziękuję.,Oprogramowanie,średni
"Proszę o pomoc — Sieć gościnna wymaga hasła, którego nikt nie zna",Sieć,niski
Aplikacja mobilna wylogowuje mnie przy każdym otwarciu Blokuje mi to pracę.,Oprogramowanie,średni
"Pilne: Zasilacz iskrzy przy wpinaniu, boję się go używać Blokuje mi to pracę.",Sprzęt,średni
"Dzień dobry, Podkładka pod mysz nie działa? Kursor skacze",Sprzęt,średni
Pilne: Potrzebuje dostepu do narzedzia BI,Oprogramowanie,średni
"Hej, Program nie moze polaczyc sie z baza danych Próbowałem restartu, nie pomogło.",Sieć,niski
Proszę o pomoc — Prośba o drugi monitor do stanowiska w pokoju 214 Blokuje mi to pracę.,Sprzęt,niski
"Proszę o pomoc — Nie mogę dostać się do repozytorium, timeout",Sieć,średni
"Zerwane polaczenie z serwerem, ciagle Sprawa pilna.",Sieć,średni
"Formularz nie wysyła się, kręci się kółko",Oprogramowanie,średni
Mam rozwalony zawias w lapku,Sprzęt,średni
"Witam, Po urlopie nie mogę się zalogować, konto uśpione Pozdrawiam.",Konto,niski
"Problem z siecią na hali produkcyjnej, terminale się rozłączają Z góry dziękuję.",Sieć,niski
"Proszę o pomoc — Kreator konczy sie bledem na ostatnim kroku Próbowałem restartu, nie pomogło.",Oprogramowanie,średni
"Dzień dobry, VPN nie wchodzi Blokuje mi to pracę.",Sieć,średni
"Dzień dobry, konto zablokowane",Konto,wysoki
Logowanie dwuskładnikowe nie działa po zmianie telefonu,Konto,średni
Proszę o pomoc — Konto zablokowane po kilku nieudanych próbach logowania Dzięki!,Konto,niski
"Proszę o pomoc — Haslo wygaslo, co teraz Sprawa pilna.",Konto,niski
"Hej, Program nie moze polaczyc sie z baza danych Blokuje mi to pracę.",Sieć,niski
"Hej, Nie mogę dodać wtyczki do przeglądarki, blokada polityką Próbowałem restartu, nie pomogło.",Oprogramowanie,średni
Pilne: Teams sie wiesza Dzięki!,Oprogramowanie,niski
"Hej, Zdalny pulpit odrzuca moje dane logowania",Sieć,średni
"Myszka gubi połączenie co kilka minut, wymieniałem baterie",Sprzęt,niski
"Hej, Aplikacja pokazuje dane sprzed tygodnia mimo odświeżenia Pozdrawiam.",Oprogramowanie,średni
"Hej, System CRM nie odswieza danych, trzeba recznie przeladowywac",Oprogramowanie,wysoki
Pilne: laptop nie wstaje,Sprzęt,niski
Proszę o pomoc — Dostęp do bazy klientów wygasł mi w połowie pracy,Konto,średni
Nie widze plikow zespolu w folderze Pozdrawiam.,Konto,średni
"Pilne: Ekran ma czarną plamę w lewym dolnym rogu, powiększa się Proszę o kontakt.",Sprzęt,średni
"Dzień dobry, Laczy sie i rozlacza, laczy i rozlacza. Od rana",Sieć,niski
Dysk klika i system zawiesza się na kilka sekund Sprawa pilna.,Sprzęt,wysoki
"Laptop nie chce się włączyć, dioda zasilania nie świeci Próbowałem restartu, nie pomogło.",Sprzęt,niski
"Wygasła licencja na Adobe, nie mogę edytować materiałów",Oprogramowanie,niski
"Aplikacja dziala, ale bardzo wolno Próbowałem restartu, nie pomogło.",Oprogramowanie,niski
"Pilne: Potrzebna nowa myszka, stara się rozleciała Sprawa pilna.",Sprzęt,średni
"Dzień dobry, Aplikacja magazynowa wysypuje się przy skanowaniu kodu Z góry dziękuję.",Oprogramowanie,niski
Prośba o przedłużenie dostępu do systemu na czas projektu Blokuje mi to pracę.,Konto,wysoki
"Witam, Prosze o odinstalowanie starej wersji, kolizja z nowa Z góry dziękuję.",Oprogramowanie,średni
"Hej, Nie ma internetu w sali konferencyjnej na 2 piętrze",Sieć,niski
Skaner nie wysyla dokumentow na maila Dzięki!,Sprzęt,średni
"Proszę o pomoc — Nie mogę pobrać pliku, połączenie się zrywa w połowie Sprawa pilna.",Sieć,średni
"Witam, Aplikacja prosi o hasło, którego nie znam Z góry dziękuję.",Oprogramowanie,średni
Nie mogę się zalogować na służbowym laptopie Sprawa pilna.,Sprzęt,średni
"Proszę o pomoc — Brak dostępu do dysku sieciowego Próbowałem restartu, nie pomogło.",Sieć,średni
"Witam, Plamy na ekranie po przetarciu chusteczką, chyba uszkodziłem powłokę Blokuje mi to pracę.",Sprzęt,średni
"Dzień dobry, Nie widze plikow zespolu w folderze Próbowałem restartu, nie pomogło.",Konto,niski
Po przeprowadzce na nowe piętro nie mam sieci w gnieździe Sprawa pilna.,Sieć,średni
Nie działa zdalny pulpit do maszyny testowej Blokuje mi to pracę.,Sieć,niski
Transfer plików przerywa się w połowie Z góry dziękuję.,Sieć,niski
"Witam, Zdalny pulpit odrzuca moje dane logowania Sprawa pilna.",Konto,niski
"Pilne: Stacja dokująca nie ładuje laptopa, ładuje tylko telefon",Sprzęt,niski
PowerPoint nie odtwarza osadzonych filmów Dzięki!,Oprogramowanie,niski
"Hej, Arkusz kalkulacyjny sie wykrzacza przy filtrowaniu Pozdrawiam.",Oprogramowanie,niski
Po aktualizacji stracilem dostep do systemu,Oprogramowanie,niski
"Witam, Nie moge podlaczyc drugiego ekranu bo brakuje przejsciowki Blokuje mi to pracę.",Sprzęt,wysoki
"Hej, System mówi, że użytkownik nie istnieje, a pracuję tu 3 lata",Konto,niski
"Komputer działa, ale nic się nie ładuje Dzięki!",Sprzęt,średni
"Hej, Word nie zapisuje zmian, mówi że plik jest tylko do odczytu",Oprogramowanie,średni
"Witam, Router gościnny się zawiesza co drugi dzień",Sieć,niski
"Dzień dobry, Drukarka na 3 piętrze znowu zacina papier przy dwustronnym Pozdrawiam.",Sprzęt,wysoki
Sieć w kuchni nie działa od tygodnia Sprawa pilna.,Sieć,średni
"Laptop wydaje dziwne dźwięki przy uruchamianiu, coś jak klikanie",Sprzęt,wysoki
Proszę o pomoc — potrzebuje dostepu Sprawa pilna.,Konto,średni
"Proszę o pomoc — Po podłączeniu kabla nic, po wifi działa Proszę o kontakt.",Sieć,średni
"Witam, Ping ucieka, gry... znaczy testy się tną",Sieć,niski
Pilne: Po podłączeniu słuchawek dźwięk leci dalej z głośników,Sprzęt,średni
Proszę o dostęp do skrzynki współdzielonej zespołu,Konto,niski
Po zmianie miejsca pracy nie mam sieci przewodowej Pozdrawiam.,Sieć,wysoki
"Proszę o audyt moich uprawnień, chyba mam za dużo Dzięki!",Konto,średni
Internet zniknął po aktualizacji sterowników karty sieciowej Dzięki!,Sieć,średni
Monitor się rozjaśnia i ściemnia sam z siebie Z góry dziękuję.,Sprzęt,wysoki
"Hej, Konto wygasło, komunikat przy logowaniu",Konto,średni
Proszę o pomoc — Nie działa drukowanie z Excela,Sprzęt,niski
"Hej, Brakuje mi dodatku Solver w arkuszu",Oprogramowanie,średni
"Hej, Cały oddział zgłasza brak internetu od 8 rano Sprawa pilna.",Sieć,średni
"Dzień dobry, Proszę o dostęp tylko do odczytu dla audytora zewnętrznego",Konto,niski
Teams nie łączy się z serwerem,Sieć,średni
"Proszę o pomoc — Kolega obok ma internet, ja nie. Ten sam switch",Sieć,średni
"Hej, Skaner nie wysyla dokumentow na maila",Sieć,średni
Ekran dotykowy reaguje w losowych miejscach Sprawa pilna.,Sprzęt,średni
"Dzień dobry, Słuchawki służbowe trzeszczą w lewym kanale Proszę o kontakt.",Sprzęt,wysoki
"Dzień dobry, Wideokonferencja się tnie, obraz zatrzymuje co chwilę Blokuje mi to pracę.",Sieć,wysoki
"Witam, Brak dostępu do panelu administracyjnego mimo przyznanych ról Sprawa pilna.",Konto,wysoki
"Nie eksportuje do pdf, przycisk martwy",Oprogramowanie,niski
"Proszę o pomoc — Sprzęt działa, ale wolno. Wszystko wolno. Od miesiąca Dzięki!",Sprzęt,niski
Po update wszystko wyglada inaczej Blokuje mi to pracę.,Oprogramowanie,niski
Pilne: Sieć w sali szkoleniowej pada przy większej liczbie osób Proszę o kontakt.,Sieć,średni
"Hej, Komputer działa, ale nic się nie ładuje Blokuje mi to pracę.",Sprzęt,niski
"Edytor PDF nie pozwala scalić dokumentów, funkcja wyszarzona Sprawa pilna.",Oprogramowanie,niski
Aplikacja do rezerwacji sal pokazuje wszystkie sale jako zajęte Pozdrawiam.,Oprogramowanie,wysoki
Po podłączeniu VPN tracę dostęp do drukarki lokalnej,Sieć,niski
Nie dziala VPN po instalacji nowego antywirusa,Oprogramowanie,wysoki
"Prosze o nowy zasilacz, stary sie strzepil przy wtyczce Dzięki!",Sprzęt,niski
"Dzień dobry, Ping do serwera skacze od 20 do 900 ms Próbowałem restartu, nie pomogło.",Sieć,niski
Proszę o pomoc — Drukarka jest offline mimo wlaczenia Sprawa pilna.,Sprzęt,niski
Teams nie łączy się z serwerem Blokuje mi to pracę.,Sieć,średni
"Dzień dobry, Głośny pisk z obudowy przy większym obciążeniu",Sprzęt,średni
"Dzień dobry, Nie otwiera się plik PDF, komunikat o uszkodzeniu dokumentu Próbowałem restartu, nie pomogło.",Oprogramowanie,niski
"Sieć działa, ale tylko przez kabel. Po WiFi nic Pozdrawiam.",Sieć,niski
Pilne: Zdalny pulpit odrzuca moje dane logowania Pozdrawiam.,Sieć,średni
"Pilne: Nie mogę zatwierdzić wniosku, brak roli Próbowałem restartu, nie pomogło.",Konto,niski
"Dzień dobry, Mikrofon w zestawie nagłownym ma bardzo cichy dźwięk",Sprzęt,niski
"Bateria w myszce pada co tydzień, chyba coś jest nie tak Pozdrawiam.",Sprzęt,średni
"Klawa nie reaguje po wczorajszym Próbowałem restartu, nie pomogło.",Sprzęt,niski
"Nie da się otworzyć klapy laptopa, zawias wyłamany",Sprzęt,niski
Nie widze plikow zespolu w folderze Z góry dziękuję.,Konto,niski
Po aktualizacji BIOS komputer nie startuje Blokuje mi to pracę.,Sprzęt,wysoki
Po aktualizacji stracilem dostep do systemu Z góry dziękuję.,Oprogramowanie,niski
Prośba o nadanie uprawnień do folderu księgowości,Konto,niski
"Hej, Przycisk zasilania zapadł się do środka Proszę o kontakt.",Sprzęt,wysoki
Pilne: Drukarka drukuje wszystko w kolorze różowym,Sprzęt,niski
"Proszę o pomoc — Prosze o odblokowanie konta, pomylilem haslo 3 razy Proszę o kontakt.",Konto,wysoki
"Sprzęt do utylizacji, zgłaszam Próbowałem restartu, nie pomogło.",Sprzęt,niski
"Hej, Nie wchodzi mi login Dzięki!",Konto,średni
"Witam, Aplikacja prosi o hasło, którego nie znam Proszę o kontakt.",Oprogramowanie,wysoki
"Nie mogę zamontować drugiego dysku, brak śrub i ramki Sprawa pilna.",Sprzęt,średni
"Hej, Instalator przerywa na 87% i nic się nie dzieje",Oprogramowanie,średni
Kalendarz pokazuje spotkania w złej strefie czasowej,Oprogramowanie,niski
Pilne: Nie dziala VPN po instalacji nowego antywirusa Z góry dziękuję.,Sieć,niski
"Pilne: Konto działa w przeglądarce, nie działa w aplikacji",Konto,średni
Nie działa logowanie przez firmową kartę Pozdrawiam.,Konto,niski
"Hej, Monitor ma przebarwienia przy krawędziach",Sprzęt,niski
Nie mam uprawnien do tego folderu Proszę o kontakt.,Konto,niski
Potrzebuje uprawnien do wystawiania faktur Sprawa pilna.,Konto,wysoki
"Hej, Kabel od monitora się wysuwa, nie trzyma w gnieździe Proszę o kontakt.",Sprzęt,średni
"Proszę o pomoc — Komputer bardzo długo się uruchamia, kilkanaście minut",Sprzęt,średni
"Dzień dobry, Problem z połączeniem do drukarki w oddziale Blokuje mi to pracę.",Sieć,niski
Czytnik linii papilarnych przestał rozpoznawać palec Proszę o kontakt.,Sprzęt,wysoki
Pilne: drukarka martwa Blokuje mi to pracę.,Sprzęt,średni
AutoCAD wyrzuca błąd 0x80070005 przy zapisie Z góry dziękuję.,Oprogramowanie,średni
"Proszę o pomoc — Czytnik kart nie wykrywa legitymacji przy wejściu Próbowałem restartu, nie pomogło.",Sprzęt,średni
Pilne: Nie działa drukowanie z Excela,Sprzęt,średni
"Witam, Outlook nie synchronizuje skrzynki od wczoraj wieczorem Sprawa pilna.",Oprogramowanie,średni
Pilne: Nie mogę zalogować się na drugim urządzeniu jednocześnie,Konto,średni
"Wifi padlo Próbowałem restartu, nie pomogło.",Sieć,niski
Word nie zapisuje Dzięki!,Oprogramowanie,niski
"Proszę o aktualizację przeglądarki, obecna wersja nie obsługuje portalu Pozdrawiam.",Oprogramowanie,niski
Zdalny pulpit odrzuca moje dane logowania,Konto,niski
"Zablokowalem sie sam, przepraszam Blokuje mi to pracę.",Konto,średni
Prośba o przypisanie do grupy dostępowej działu IT Z góry dziękuję.,Konto,niski
"Witam, Cos brzeczy w srodku obudowy Z góry dziękuję.",Sprzęt,średni
"Witam, Touchpad działa co drugi raz Z góry dziękuję.",Sprzęt,średni
"Hej, Nie działa wyszukiwarka wewnątrz programu",Oprogramowanie,średni
"Dzień dobry, Chcę zmienić adres e-mail przypisany do konta Blokuje mi to pracę.",Konto,średni
"Nie działa internet na całym piętrze, sprawdzaliśmy kilka komputerów",Sieć,niski
"Nowy pracownik nie dostal loginu, zaczyna jutro Pozdrawiam.",Konto,średni
"Dzień dobry, Bardzo wysokie opóźnienia przy pracy zdalnej z Krakowa",Sieć,niski
Nie otwiera się plik z dysku współdzielonego Z góry dziękuję.,Sieć,niski
"Dzień dobry, Zdalny pulpit odrzuca moje dane logowania Próbowałem restartu, nie pomogło.",Sieć,wysoki
"Hej, Wtyczka do przeglądarki zniknęła po restarcie",Oprogramowanie,średni
"Witam, net muli strasznie Proszę o kontakt.",Sieć,średni
Prośba o nadanie roli kierownika w systemie urlopowym Sprawa pilna.,Konto,średni
"Witam, Nie mozna zapisac pliku na dysku sieciowym z poziomu Worda",Oprogramowanie,średni
Pilne: SAP wyświetla puste okno po zalogowaniu,Oprogramowanie,niski
"Witam, Brak dostępu do dysku sieciowego",Konto,niski
Teams nie łączy się z serwerem Proszę o kontakt.,Sieć,niski
"Dzień dobry, Komp się nie budzi ze snu Blokuje mi to pracę.",Sprzęt,średni
"Potrzebuję starszej wersji narzędzia, nowa nie obsługuje formatu Proszę o kontakt.",Oprogramowanie,niski
"Dzień dobry, Skaner nie wysyla dokumentow na maila Próbowałem restartu, nie pomogło.",Sprzęt,niski
"Hej, Proszę o odebranie dostępów osobie zmieniającej dział",Konto,niski
Nie działa drukowanie z Excela,Oprogramowanie,wysoki
Program wywala blad i sie zamyka Z góry dziękuję.,Oprogramowanie,wysoki
Prośba o utworzenie konta technicznego do integracji,Konto,niski
Nie da się wejść na SharePointa z telefonu w sieci firmowej,Sieć,średni
"Hej, Konto serwisowe przestało działać po zmianie polityki haseł Pozdrawiam.",Konto,średni
"Pilne: Strony firmowe otwierają się, zewnętrzne nie",Sieć,wysoki
"Hej, Przełącznik w szafie wydaje ciągły sygnał dźwiękowy",Sieć,niski
Nie działa drukowanie z Excela Sprawa pilna.,Sprzęt,wysoki
"Sieć pada codziennie około 9:15, zawsze o tej samej porze Próbowałem restartu, nie pomogło.",Sieć,niski
Proszę o pomoc — Zapomniałem kodu dostępu do aplikacji mobilnej Sprawa pilna.,Konto,niski
Dok nie wykrywa monitorów po przebudzeniu Blokuje mi to pracę.,Sprzęt,średni
Bardzo słaby sygnał w części magazynowej,Sieć,średni
Aplikacja pokazuje błąd bazy danych przy zapisie Dzięki!,Oprogramowanie,średni
Makro w arkuszu przestało działać po zmianie wersji pakietu Z góry dziękuję.,Oprogramowanie,średni
"Dzień dobry, Login działa, ale nie widzę żadnych danych",Konto,wysoki
Pilne: Prośba o zainstalowanie klienta SQL do testów Proszę o kontakt.,Oprogramowanie,średni
"Dzień dobry, Proszę o usunięcie konta pracownika, który odszedł Z góry dziękuję.",Konto,średni
"Dzień dobry, Nie działa podpis elektroniczny w programie do faktur",Oprogramowanie,średni
Nie mogę się zalogować na służbowym laptopie Proszę o kontakt.,Konto,niski
Prośba o instalację Pythona z bibliotekami do analizy danych,Oprogramowanie,niski
Zasięg WiFi w pokoju 317 praktycznie zerowy Proszę o kontakt.,Sieć,średni
Pilne: Sieć w salce na parterze bardzo niestabilna,Sieć,średni
"Dzień dobry, Głośniki w laptopie przestały działać po zamknięciu klapy Dzięki!",Sprzęt,niski
"Dzień dobry, Wentylator chodzi cały czas na maksa, laptop parzy Proszę o kontakt.",Sprzęt,wysoki
Nie ma obrazu na drugim monitorze przez HDMI Dzięki!,Sprzęt,niski
"Witam, DNS chyba nie działa, po IP wchodzi, po nazwie nie",Sieć,wysoki
"Hej, Zablokowane konto w portalu klienta, pilne Blokuje mi to pracę.",Konto,średni
"Dzień dobry, Ekran czarny, dioda swieci Sprawa pilna.",Sprzęt,niski
Nie mogę się zalogować na służbowym laptopie Pozdrawiam.,Sprzęt,średni
"Padł dysk w stacji roboczej w serwerowni Próbowałem restartu, nie pomogło.",Sprzęt,niski
"Konto testowe zostalo skasowane, a potrzebujemy go do QA Pozdrawiam.",Konto,średni
Proszę o pomoc — Nie widze zadnych sieci wifi na liscie Pozdrawiam.,Sieć,niski
"Dzień dobry, Brakuje mi kabla sieciowego do nowego biurka",Sprzęt,średni
"Witam, Nie widze plikow zespolu w folderze",Sieć,wysoki
"Klawisz Enter się zaciął, trzeba go mocno wciskać Próbowałem restartu, nie pomogło.",Sprzęt,niski
"Witam, Drukarka jest offline mimo wlaczenia Sprawa pilna.",Sieć,niski
Pilne: Nie dostaję powiadomień o wygasającym haśle,Konto,niski
"Pilne: Nie widzę dysku sieciowego działu, wczoraj działał",Sieć,wysoki
"Hej, Nowa osoba w zespole od poniedziałku, potrzebuje kont Próbowałem restartu, nie pomogło.",Konto,średni
Prosze o konto dla nowej osoby Proszę o kontakt.,Konto,niski
"Witam, Komputer działa, ale nic się nie ładuje",Sieć,niski
"Skaner nie wysyla dokumentow na maila Próbowałem restartu, nie pomogło.",Sprzęt,niski
Po ostatniej aktualizacji interfejs jest zupełnie inny i nic nie mogę znaleźć,Oprogramowanie,wysoki
"Nie mam uprawnień do zatwierdzania wniosków, a powinienem Proszę o kontakt.",Konto,wysoki
Pilne: Po restarcie laptopa zniknęło połączenie z siecią Sprawa pilna.,Sieć,niski
"Monitor migocze, szczególnie rano zanim się nagrzeje Dzięki!",Sprzęt,niski
"Nie pamiętam hasła, a mam dziś wysyłkę raportu",Konto,średni
"Pilne: Konto stażysty wygasa jutro, prosimy o przedłużenie Próbowałem restartu, nie pomogło.",Konto,wysoki
"Pilne: nie dziala mysz Próbowałem restartu, nie pomogło.",Sprzęt,niski
"Proszę o pomoc — Skaner nie widzi dokumentów, lampka świeci ale nic się nie dzieje Próbowałem restartu, nie pomogło.",Sprzęt,niski
Potrzebuję uprawnień do katalogu z umowami,Konto,wysoki
Proszę o pomoc — Nie widzę serwera wydruku w sieci,Sieć,średni
Program nie moze polaczyc sie z baza danych Dzięki!,Sieć,wysoki
Drukarka sieciowa zniknęła z listy urządzeń Blokuje mi to pracę.,Sieć,niski
"Pilne: Połączenie jest, ale nic się nie ładuje Sprawa pilna.",Sieć,niski
"Witam, Głośnik zewnętrzny szumi nawet bez sygnału Sprawa pilna.",Sprzęt,niski
"Dzień dobry, Nie da sie zainstalowac, brak uprawnien",Oprogramowanie,niski
Antywirus blokuje mi narzędzie deweloperskie jako zagrożenie Dzięki!,Oprogramowanie,niski
Program nie moze polaczyc sie z baza danych Proszę o kontakt.,Oprogramowanie,średni
Program do obsługi zgłoszeń nie wysyła powiadomień mailowych,Oprogramowanie,średni
"Pilne: Uszkodzony port USB z lewej strony, nic nie wykrywa Proszę o kontakt.",Sprzęt,średni
System zgłasza niezgodność wersji przy otwieraniu projektu Pozdrawiam.,Oprogramowanie,niski
"Pilne: Bardzo wolne łącze, pobieranie 2 Mb/s zamiast 300",Sieć,średni
Nie pamietam hasla Z góry dziękuję.,Konto,niski
Proszę o pomoc — VPN zrywa po dokładnie 30 minutach za każdym razem Z góry dziękuję.,Sieć,średni
"Witam, Konto praktykanta ma za szerokie uprawnienia, proszę ograniczyć",Konto,średni
Program księgowy zamyka się bez komunikatu przy generowaniu raportu Sprawa pilna.,Oprogramowanie,niski
Po aktualizacji zniknęły wszystkie moje szablony dokumentów Pozdrawiam.,Oprogramowanie,średni
Program zgłasza brak biblioteki DLL przy starcie Dzięki!,Oprogramowanie,niski
Router w małej salce mruga na czerwono,Sieć,niski
"Witam, Proszę o licencję na oprogramowanie do modelowania 3D Blokuje mi to pracę.",Oprogramowanie,wysoki
Problem z łącznością terminala na produkcji,Sieć,średni
Proszę o pomoc — Po instalacji poprawki część funkcji zniknęła,Oprogramowanie,średni
Nie działa drukowanie z Excela Dzięki!,Sprzęt,średni
"Dzień dobry, Aplikacja prosi o hasło, którego nie znam Pozdrawiam.",Oprogramowanie,niski
"Przepustowość spadła dramatycznie po wczorajszych pracach Próbowałem restartu, nie pomogło.",Sieć,niski
"Chrome zużywa całą pamięć, komputer staje Sprawa pilna.",Oprogramowanie,niski
"Dzień dobry, System prosi o hasło, którego nigdy nie ustawiałem",Konto,średni
"Proszę o pomoc — Coś się przegrzewa, czuć zapach spalenizny — odłączyłem od prądu",Sprzęt,średni
Proszę o reset hasła do systemu kadrowego Sprawa pilna.,Konto,niski
"Witam, Podczas pracy laptop nagle gaśnie, jakby ktoś wyjął wtyczkę Sprawa pilna.",Sprzęt,niski
"Dzień dobry, Kamerka pokazuje czarny ekran na spotkaniach",Sprzęt,średni
"Dzień dobry, Serwer nie odpowiada na pingi od godziny Dzięki!",Sieć,niski
"Rysa na matrycy po transporcie, zgłaszam do protokołu Z góry dziękuję.",Sprzęt,niski
"Hej, Połączenie rwie podczas rozmów na Teams, szczególnie po południu",Sieć,średni
"Klawiatura ma zatarte litery, nie widać co wciskam",Sprzęt,niski
"Nie działa klawiatura w dokowaniu, w laptopie działa normalnie Blokuje mi to pracę.",Sprzęt,niski
"Witam, Laptop się zawiesza przy podłączaniu do doku",Sprzęt,średni
"Witam, Nie mogę się zalogować na służbowym laptopie Z góry dziękuję.",Konto,średni
"Hej, Laptop nie widzi pendrive'a, w innym komputerze działa Próbowałem restartu, nie pomogło.",Sprzęt,wysoki
Nie mogę się dostać do zasobów z domu Blokuje mi to pracę.,Sieć,średni
"Dzień dobry, nie ma neta Dzięki!",Sieć,średni
"Dzień dobry, Po aktualizacji stracilem dostep do systemu Próbowałem restartu, nie pomogło.",Konto,niski
Pilne: Hasło mi wygasło i nie mogę ustawić nowego,Konto,niski
Po aktualizacji stracilem dostep do systemu Blokuje mi to pracę.,Oprogramowanie,niski
"Nie mogę zmienić hasła, mówi że nie spełnia wymagań a spełnia Z góry dziękuję.",Konto,średni
"Witam, Od rana komputer wyłącza się sam po kilkunastu minutach pracy Proszę o kontakt.",Sprzęt,niski
Telefon służbowy nie ładuje się przez oryginalny kabel Pozdrawiam.,Sprzęt,średni
"Proszę o pomoc — Bateria trzyma 20 minut, wcześniej było 4h Próbowałem restartu, nie pomogło.",Sprzęt,niski
"Proszę o pomoc — Teams startuje 5 minut, potem działa normalnie Z góry dziękuję.",Oprogramowanie,niski
"Proszę o pomoc — Nie mogę wejść na zewnętrzne strony, wewnętrzne OK Blokuje mi to pracę.",Sieć,średni
"Reset hasla prosze Próbowałem restartu, nie pomogło.",Konto,wysoki
"Potrzebuję dostępu do archiwum dokumentów sprzed 2020 Próbowałem restartu, nie pomogło.",Konto,niski
"Witam, Projektor w sali 5 nie łapie sygnału z laptopa",Sprzęt,średni
Pilne: padl monitor,Sprzęt,niski
"Plik się otwiera, ale wszystkie polskie znaki są krzaczkami",Oprogramowanie,wysoki
Proszę o odebranie uprawnień byłemu pracownikowi Proszę o kontakt.,Konto,średni
Prośba o konto gościnne dla audytora,Konto,niski
Nie widze plikow zespolu w folderze Dzięki!,Konto,średni
Excel padl Dzięki!,Oprogramowanie,niski
"Dzień dobry, Po restarcie laptopa zniknęło połączenie z siecią Pozdrawiam.",Sieć,średni
"Witam, Uprawnienia znikają po każdym restarcie systemu Próbowałem restartu, nie pomogło.",Konto,średni
"WiFi rozłącza się co kilkanaście minut, muszę ciągle logować się od nowa Proszę o kontakt.",Sieć,średni
Bardzo długo trwa nawiązanie połączenia z VPN Sprawa pilna.,Sieć,średni
"Dzień dobry, Nie mogę wyeksportować danych do CSV, przycisk nieaktywny Z góry dziękuję.",Oprogramowanie,niski
"Dzień dobry, Excel zawiesza się przy otwieraniu większych arkuszy",Oprogramowanie,średni
Po zmianie stanowiska straciłem dostęp do modułu raportów,Konto,wysoki
"Hej, Moje uprawnienia zniknęły po migracji systemu Próbowałem restartu, nie pomogło.",Konto,średni
"Hej, VPN nie łączy, wisi na Connecting i nic Dzięki!",Sieć,niski
"Proszę o pomoc — Nie moge sie zalogowac z domu, w biurze dziala Próbowałem restartu, nie pomogło.",Konto,wysoki
Proszę o pomoc — Sprzęt po poprzednim pracowniku — proszę o sprawdzenie stanu Z góry dziękuję.,Sprzęt,niski
