CustomerId,Age,AnnualIncome,AnnualSpend,PurchasesLastYear,AverageOrderValue,MonthlyWebsiteVisits,DaysSinceLastPurchase,DiscountUsageRate,ReturnsLastYear,SupportTicketsLastYear,YearsAsCustomer
1042,26,63500,3438,17,217.69,31,8,0.58,6,4,2.3
1066,55,97733,1895,5,369.97,2,57,0.52,3,0,5.8
1041,29,56612,3744,12,309.38,19,21,0.54,5,4,4.1
1069,31,67235,1364,7,190.58,12,35,0.17,1,0,1.3
1039,26,53869,3266,14,222.11,31,24,0.73,6,0,4.5
1063,47,95771,1854,8,221.49,9,59,0.24,1,0,5.1
1018,39,146993,7834,24,354.92,5,7,0.17,2,3,5.3
1011,40,157512,4594,39,115.95,15,8,0.18,2,2,2.9
1078,37,48758,1872,12,154.56,1,221,0.37,2,8,7.3
1006,44,121434,8214,38,225.68,9,11,0.11,1,2,7.6
1084,50,41069,2754,18,140.31,8,83,0.55,4,8,5.4
1068,64,69581,2058,10,184.08,9,63,0.49,3,2,4.1
1086,62,91956,2816,4,692.84,2,140,0.5,3,3,6.1
1092,22,102177,3409,16,199.26,1,235,0.56,7,4,6.3
1040,33,51376,3148,34,101.54,19,38,0.51,4,3,4.2
1044,40,67727,2296,34,59.52,32,27,0.67,2,1,4.1
1014,34,96226,10495,33,292.47,5,35,0.2,1,3,9.6
1093,36,52920,3143,8,420.09,3,240,0.2,6,7,0.8
1050,21,43555,4911,25,208.96,22,60,0.8,6,0,5.2
1060,40,100910,2052,8,274.83,2,88,0.48,1,3,1.6
1058,66,84725,551,9,60.27,9,38,0.3,2,3,5.0
1091,52,41979,1571,10,169.54,6,227,0.31,6,4,0.7
1075,31,61079,1850,9,196.41,9,61,0.4,3,0,3.3
1062,56,98743,570,4,138.02,6,53,0.28,1,2,4.7
1045,44,36985,4688,25,190.1,17,14,0.81,6,4,3.1
1022,61,144638,6836,31,224.71,15,32,0.06,2,1,9.7
1026,44,34754,1538,26,55.82,29,39,0.9,1,4,1.7
1064,36,65105,1386,10,131.82,6,117,0.37,2,0,5.9
1094,45,45224,969,18,54.34,5,163,0.56,2,3,1.5
1020,37,121509,8289,25,334.79,5,29,0.21,0,0,7.2
1049,22,39068,2117,19,106.9,22,47,0.52,2,0,2.8
1015,51,140461,6235,35,178.89,15,13,0.18,3,2,5.5
1037,25,68049,2587,13,222.13,13,41,0.65,6,2,2.9
1079,31,93323,3535,8,404.19,5,186,0.61,4,3,3.9
1033,39,79117,2133,19,123.7,15,54,0.81,4,0,1.5
1024,51,93907,10031,45,218.59,7,26,0.05,1,0,7.0
1029,28,48465,3977,18,207.75,32,24,0.54,6,2,3.3
1095,55,93771,1716,17,109.91,3,145,0.65,4,8,2.7
1005,59,132400,9229,24,417.33,15,5,0.03,1,2,9.9
1056,63,55012,1170,7,175.77,3,99,0.11,2,3,2.9
1034,33,73903,4510,19,257.8,18,13,0.8,1,3,5.3
1090,26,85898,2015,13,147.64,5,243,0.68,6,4,3.9
1053,36,46590,1565,9,192.72,7,52,0.3,2,3,2.1
1004,51,119671,4855,41,127.78,11,35,0.05,3,0,6.4
1082,42,52727,3456,7,490.51,7,139,0.62,4,2,2.9
1096,51,37869,1176,16,71.13,4,253,0.55,4,8,6.5
1054,30,101644,579,11,58.32,2,69,0.2,0,0,5.3
1021,34,115982,5862,31,166.5,11,31,0.07,3,0,3.3
1038,48,67787,2278,20,125.94,11,48,0.65,5,4,4.3
1100,45,98804,2316,13,196.93,3,186,0.51,7,5,5.1
1023,55,126104,4968,19,235.12,13,31,0.14,1,0,9.7
1065,44,41854,1018,7,128.41,2,31,0.35,1,3,0.9
1061,63,76211,541,11,46.12,5,35,0.21,3,3,4.0
1002,39,151237,9431,18,496.05,12,13,0.18,3,1,5.6
1067,65,47026,1121,5,219.69,11,63,0.14,1,0,4.0
1087,62,41173,2417,6,390.73,5,87,0.18,7,2,2.7
1081,22,65072,3573,8,474.8,8,118,0.4,4,4,3.0
1052,46,92994,1176,10,115.59,4,104,0.34,3,0,0.8
1074,58,97963,1639,5,320.59,11,80,0.39,3,0,3.4
1035,46,60166,2932,21,132.2,35,58,0.55,1,1,2.7
1071,65,117304,1310,9,130.58,3,94,0.2,1,2,5.8
1010,47,96915,10691,19,575.63,5,10,0.16,3,0,5.1
1055,26,59973,1477,5,314.32,9,110,0.15,1,3,5.0
1085,38,72375,3152,15,211.83,7,246,0.19,3,8,5.6
1001,52,99592,4704,41,101.84,8,16,0.07,0,0,6.7
1019,52,169696,5306,19,281.7,10,22,0.2,0,1,3.5
1076,47,95449,3978,4,994.14,8,185,0.18,5,4,5.2
1030,21,36048,4098,25,161.63,18,5,0.45,2,2,1.4
1080,60,94616,3656,18,224.28,3,97,0.3,7,8,3.6
1072,44,117993,1682,10,167.95,3,84,0.41,3,2,3.6
1009,46,103726,6669,22,339.32,7,35,0.08,3,3,4.9
1027,48,34508,2500,23,121.41,19,13,0.65,5,2,3.9
1073,27,96626,1820,12,161.24,6,28,0.14,0,2,4.1
1017,33,128309,5080,34,163.12,7,18,0.17,1,1,7.8
1032,29,53897,4760,13,371.42,21,16,0.76,6,0,2.4
1043,41,50343,2420,18,120.66,14,4,0.47,4,4,5.2
1007,52,107431,8875,41,234.27,7,11,0.13,2,1,7.5
1003,56,105926,10219,31,297.74,9,18,0.06,2,0,2.7
1077,25,54680,1693,12,157.1,3,153,0.39,6,5,1.4
1098,28,58647,2531,4,694.92,6,236,0.27,1,7,6.7
1012,62,119522,8600,42,217.66,6,33,0.23,2,1,3.2
1059,66,75400,2480,10,223.4,8,118,0.37,2,1,5.8
1016,39,93392,7269,18,361.08,13,15,0.16,0,0,7.7
1025,48,126467,6636,24,263.23,14,21,0.07,3,1,7.4
1036,44,48292,2938,32,83.34,26,28,0.76,5,2,5.7
1051,25,86105,1723,9,188.5,8,93,0.44,1,3,1.7
1008,39,89207,7084,30,230.22,8,5,0.07,2,1,7.2
1046,23,59914,2046,26,86.08,31,36,0.89,5,2,5.7
1083,46,78604,3318,16,199.01,3,206,0.68,2,6,7.7
1070,55,78175,633,6,116.23,6,115,0.23,3,0,4.9
1099,48,43292,1172,4,295.64,1,157,0.7,1,2,2.3
1088,55,82008,2918,14,217.59,3,123,0.25,5,8,3.4
1013,56,154514,4504,37,114.16,9,32,0.02,2,2,3.9
1047,43,63081,3247,29,105.17,24,60,0.52,4,3,1.9
1031,37,30633,1958,14,128.05,32,60,0.52,1,2,3.7
1097,22,62663,2797,5,602.69,8,174,0.52,6,4,4.9
1057,65,71830,917,7,136.08,12,101,0.46,0,2,3.8
1028,20,73769,4846,29,151.34,19,45,0.5,2,2,1.1
1048,44,64163,3484,32,104.59,17,20,0.65,6,2,1.8
1089,59,46758,1551,11,133.81,5,197,0.29,1,8,4.0
