powierzchnia,liczba_pokoi,wiek_domu,odleglosc_centrum,dzielnica,garaz,balkon,cena
28.6,2,96.0,3.5,Żoliborz,False,False,627000
20.2,2,38.0,10.5,Bemowo,False,False,260000
18.4,1,94.0,0.7,Śródmieście,False,False,647000
44.8,2,45.0,3.4,Mokotów,False,,609000
42.2,1,42.0,6.6,Bemowo,False,True,758000
119.2,5,64.0,7.2,Mokotów,False,True,2678000
65.0,3,91.0,3.8,Mokotów,False,False,1249000
39.9,2,2.0,4.6,Żoliborz,True,True,893000
49.1,3,11.0,2.8,Śródmieście,,True,1444000
29.7,2,59.0,4.4,Praga-Południe,False,False,560000
60.2,2,43.0,6.3,Żoliborz,True,True,889000
67.0,3,34.0,6.3,Mokotów,False,False,942000
48.0,2,2.0,6.6,Bemowo,True,True,1128000
80.0,3,32.0,2.1,Mokotów,False,True,1175000
49.1,3,51.0,7.1,Praga-Południe,False,True,746000
46.7,2,32.0,7.9,Bemowo,True,True,827000
27.1,1,41.0,3.9,Mokotów,False,False,522000
47.6,2,37.0,5.8,Praga-Południe,True,True,850000
48.7,2,50.0,2.1,Śródmieście,False,True,1115000
47.5,2,95.0,1.2,Śródmieście,True,True,1615000
32.6,2,38.0,10.5,Bemowo,False,True,560000
48.8,3,51.0,2.8,Mokotów,False,True,669000
31.2,1,82.0,2.4,Mokotów,,False,753000
47.0,1,92.0,0.3,Śródmieście,False,True,1978000
61.0,2,47.0,1.4,Żoliborz,False,True,928000
60.8,2,45.0,6.4,Praga-Południe,True,False,1082000
46.5,2,11.0,12.3,Bemowo,True,,1094000
70.1,2,112.0,0.9,Śródmieście,,True,2346000
40.6,1,89.0,1.8,Żoliborz,True,True,1192000
59.2,2,50.0,9.1,Bemowo,,True,772000
50.8,2,63.0,5.1,Praga-Południe,False,False,923000
34.8,1,1.0,5.9,Praga-Południe,True,True,1243000
31.7,2,40.0,10.1,Bemowo,False,False,392000
42.8,2,79.0,11.8,Bemowo,False,True,791000
24.6,1,52.0,8.6,Mokotów,True,False,574000
83.0,4,46.0,7.1,Bemowo,False,True,1187000
47.0,2,109.0,1.9,Mokotów,False,False,1203000
43.6,2,9.0,3.9,Mokotów,True,True,990000
43.2,2,37.0,3.0,Mokotów,False,False,633000
48.7,3,45.0,3.9,Mokotów,True,False,753000
40.6,1,38.0,4.0,Żoliborz,False,True,535000
76.3,3,36.0,13.2,Praga-Południe,True,True,1171000
49.6,2,47.0,12.6,Bemowo,False,True,799000
63.5,2,1.0,1.0,Śródmieście,False,,2387000
54.9,2,79.0,4.3,Praga-Południe,False,False,1358000
21.1,2,41.0,0.6,Śródmieście,True,True,503000
44.2,2,73.0,7.3,Mokotów,False,False,983000
73.6,3,59.0,3.5,Żoliborz,False,False,1017000
18.0,1,55.0,4.1,Bemowo,False,False,374000
59.9,3,80.0,5.3,Mokotów,False,False,1326000
42.3,2,70.0,5.0,Bemowo,True,True,910000
34.5,2,11.0,6.5,Bemowo,True,True,930000
150.8,6,90.0,1.2,Śródmieście,False,True,4887000
23.2,1,2.0,7.0,Mokotów,False,True,552000
57.6,2,93.0,8.6,Bemowo,False,False,1105000
32.4,2,88.0,5.8,Praga-Południe,False,False,808000
36.1,1,54.0,8.3,Praga-Południe,False,False,703000
36.4,2,105.0,3.5,Bemowo,False,False,717000
38.2,2,49.0,0.3,Śródmieście,False,True,834000
46.8,2,0.0,4.1,Bemowo,False,True,1007000
37.5,2,51.0,10.7,Praga-Południe,False,False,642000
61.0,2,11.0,5.0,Praga-Południe,True,,1452000
37.7,2,37.0,1.9,Żoliborz,False,True,517000
21.3,1,37.0,2.0,Śródmieście,False,True,510000
30.6,2,74.0,6.0,Bemowo,False,False,648000
37.5,1,2.0,5.9,Bemowo,False,False,1027000
35.9,1,109.0,1.1,Śródmieście,False,True,1226000
63.4,2,11.0,6.2,Praga-Południe,True,,1355000
33.4,2,39.0,1.9,Śródmieście,False,True,721000
58.9,3,92.0,2.7,Mokotów,False,True,1158000
51.7,2,31.0,0.9,Mokotów,False,True,996000
18.0,2,45.0,0.7,Śródmieście,False,True,445000
30.9,1,84.0,1.9,Żoliborz,,True,852000
55.4,2,38.0,3.8,Praga-Południe,False,True,852000
43.7,2,33.0,10.5,Praga-Południe,True,False,824000
44.9,2,47.0,4.4,Praga-Południe,False,True,655000
54.1,2,110.0,3.8,Żoliborz,True,False,1469000
29.2,1,35.0,4.6,Bemowo,True,True,648000
45.0,2,102.0,0.4,Śródmieście,,False,1259000
31.2,1,60.0,6.2,Praga-Południe,False,False,794000
61.1,2,95.0,1.5,Śródmieście,False,True,1877000
26.7,1,87.0,6.5,Żoliborz,False,True,740000
30.5,2,109.0,9.7,Praga-Południe,False,True,694000
39.7,1,69.0,3.8,Żoliborz,False,True,921000
30.0,1,45.0,2.1,Mokotów,False,False,560000
30.8,1,99.0,3.3,Bemowo,False,True,754000
81.2,4,103.0,7.7,Praga-Południe,False,False,1779000
46.9,2,7.0,4.7,Mokotów,,True,910000
40.4,2,7.0,6.7,Bemowo,True,True,1027000
27.4,1,88.0,12.5,Bemowo,False,False,668000
76.8,4,87.0,0.5,Śródmieście,False,True,2591000
65.8,4,32.0,4.7,Praga-Południe,False,,1138000
86.9,4,51.0,2.6,Mokotów,False,True,1537000
41.1,2,6.0,0.3,Śródmieście,True,True,1448000
41.4,1,30.0,5.0,Mokotów,False,True,792000
19.7,1,35.0,3.8,Mokotów,False,True,354000
144.6,6,0.0,3.8,Bemowo,True,True,3783000
55.6,2,81.0,6.3,Bemowo,False,True,1314000
52.8,2,51.0,7.0,Praga-Południe,False,False,827000
73.8,3,47.0,7.7,Bemowo,False,False,967000
32.1,1,7.0,7.5,Mokotów,,True,888000
84.9,4,115.0,0.8,Śródmieście,True,True,2751000
52.4,2,59.0,8.5,Bemowo,False,True,858000
56.3,3,3.0,5.0,Bemowo,True,True,1228000
101.4,4,47.0,3.0,Mokotów,False,False,1760000
41.2,2,85.0,1.6,Mokotów,,True,825000
26.1,1,31.0,8.1,Praga-Południe,True,False,578000
43.3,2,87.0,0.5,Śródmieście,False,True,1419000
70.6,3,43.0,2.9,Mokotów,False,False,1075000
57.5,2,64.0,8.4,Praga-Południe,False,True,940000
43.6,1,50.0,5.8,Mokotów,False,False,787000
59.8,2,86.0,4.5,Bemowo,True,False,1294000
43.4,2,66.0,14.8,Bemowo,True,True,772000
30.0,1,8.0,8.0,Bemowo,True,True,876000
39.9,2,77.0,10.6,Mokotów,,True,690000
40.6,1,36.0,2.8,Żoliborz,False,False,684000
56.3,2,33.0,2.4,Praga-Południe,False,True,958000
82.3,3,10.0,8.4,Bemowo,False,False,1462000
35.8,1,46.0,4.3,Śródmieście,True,True,873000
38.5,2,86.0,7.2,Praga-Południe,False,True,957000
42.2,2,43.0,3.2,Mokotów,False,,675000
125.6,6,1.0,1.0,Mokotów,False,False,3229000
71.5,3,50.0,2.3,Mokotów,False,True,1133000
56.2,2,6.0,5.4,Mokotów,True,True,1536000
49.3,2,43.0,3.9,Praga-Południe,False,True,845000
32.1,2,104.0,6.6,Żoliborz,True,True,786000
63.4,2,96.0,1.2,Mokotów,False,True,1478000
29.6,2,58.0,1.9,Mokotów,False,False,529000
35.5,1,88.0,7.2,Żoliborz,False,True,994000
30.0,1,68.0,1.5,Śródmieście,False,True,1077000
36.7,2,47.0,11.9,Praga-Południe,False,False,536000
35.3,1,58.0,0.5,Śródmieście,True,True,1147000
53.6,2,11.0,5.3,Mokotów,True,True,1328000
21.8,1,7.0,3.4,Mokotów,False,True,657000
49.3,2,41.0,4.4,Praga-Południe,,False,676000
70.0,3,104.0,1.4,Śródmieście,False,False,2055000
54.1,2,42.0,2.5,Praga-Południe,False,True,941000
42.4,2,89.0,6.8,Żoliborz,True,True,1061000
49.7,2,75.0,9.9,Praga-Południe,False,True,992000
27.1,1,46.0,4.8,Mokotów,False,True,489000
25.2,1,40.0,7.7,Bemowo,False,False,453000
37.2,1,38.0,2.7,Praga-Południe,False,True,814000
57.6,3,47.0,2.8,Mokotów,False,False,780000
52.1,1,31.0,1.9,Śródmieście,False,False,1332000
25.1,1,31.0,4.1,Praga-Południe,,True,540000
88.3,3,10.0,8.8,Bemowo,True,True,1619000
30.6,2,4.0,8.6,Mokotów,True,True,794000
83.9,3,37.0,6.6,Bemowo,False,True,1196000
125.0,6,38.0,9.0,Praga-Południe,True,True,2030000
67.2,3,35.0,3.1,Mokotów,False,False,1054000
24.9,2,97.0,5.3,Bemowo,False,False,562000
83.8,4,108.0,6.0,Praga-Południe,False,False,2013000
58.7,3,68.0,16.3,Bemowo,False,False,944000
61.4,3,100.0,6.9,Praga-Południe,False,True,1067000
60.5,2,32.0,6.5,Żoliborz,False,False,1012000
51.5,1,73.0,7.2,Bemowo,False,False,1131000
52.6,2,45.0,3.7,Mokotów,,True,996000
42.8,1,41.0,5.5,Praga-Południe,False,False,760000
73.2,3,31.0,5.8,Mokotów,False,True,1114000
47.3,2,77.0,9.2,Bemowo,False,False,1039000
57.9,3,46.0,6.8,Bemowo,True,,999000
58.4,3,53.0,4.5,Praga-Południe,False,True,916000
50.5,2,86.0,4.4,Mokotów,False,True,1098000
39.9,2,6.0,6.9,Mokotów,,False,1019000
52.3,2,90.0,2.4,Mokotów,False,False,1266000
26.9,1,98.0,3.3,Mokotów,False,False,672000
28.1,1,80.0,3.8,Mokotów,False,True,943000
47.0,2,3.0,1.5,Mokotów,False,True,1124000
42.3,2,1.0,7.6,Bemowo,True,True,1107000
39.2,2,37.0,2.6,Praga-Południe,False,False,675000
41.9,2,34.0,5.1,Praga-Południe,False,False,647000
38.9,1,6.0,12.7,Bemowo,False,True,1033000
28.2,2,8.0,8.3,Bemowo,False,False,641000
51.5,2,94.0,1.9,Śródmieście,False,True,1892000
51.7,2,47.0,5.1,Bemowo,False,False,788000
50.1,2,118.0,1.8,Żoliborz,False,True,1127000
40.3,2,64.0,10.8,Bemowo,False,True,782000
47.2,2,94.0,0.6,Śródmieście,False,True,1891000
48.4,3,99.0,2.2,Żoliborz,False,True,1035000
35.2,2,103.0,4.6,Mokotów,False,True,754000
63.6,3,42.0,4.7,Bemowo,True,True,815000
84.7,3,62.0,7.7,Bemowo,False,True,1481000
51.4,2,36.0,13.2,Bemowo,False,True,845000
51.0,2,11.0,7.8,Praga-Południe,False,True,1075000
30.2,2,10.0,8.6,Bemowo,False,True,647000
38.5,2,34.0,4.5,Bemowo,True,False,707000
45.3,1,46.0,2.9,Żoliborz,False,False,821000
69.2,3,8.0,3.5,Mokotów,,True,1652000
42.0,2,5.0,6.5,Praga-Południe,,True,870000
34.7,2,104.0,15.3,Praga-Południe,,True,598000
33.9,3,48.0,3.8,Praga-Południe,True,True,555000
104.7,5,45.0,9.0,Mokotów,True,True,1706000
69.8,4,1.0,4.3,Mokotów,False,True,1768000
37.2,1,41.0,8.4,Praga-Południe,False,True,682000
61.3,2,107.0,5.5,Bemowo,False,True,1250000
51.7,3,7.0,2.1,Mokotów,True,False,1162000
58.9,2,71.0,2.5,Mokotów,False,False,1184000
33.2,2,34.0,9.4,Bemowo,False,False,423000
38.6,2,38.0,11.1,Bemowo,False,True,588000
34.0,1,108.0,1.0,Śródmieście,True,False,1581000
35.3,2,4.0,11.4,Praga-Południe,False,True,925000
43.1,1,49.0,6.0,Żoliborz,False,True,737000
39.0,2,5.0,2.0,Mokotów,False,False,870000
34.8,2,119.0,1.1,Żoliborz,,True,731000
36.6,2,52.0,1.9,Śródmieście,False,False,790000
76.6,3,3.0,1.5,Mokotów,True,True,1743000
42.3,3,109.0,6.6,Praga-Południe,False,True,839000
31.1,2,47.0,3.8,Mokotów,False,True,511000
80.9,3,44.0,5.5,Bemowo,False,True,1045000
49.8,2,69.0,3.8,Praga-Południe,False,True,1170000
84.4,3,79.0,5.7,Bemowo,,False,1313000
33.3,1,53.0,6.9,Praga-Południe,False,True,729000
79.7,3,89.0,12.4,Bemowo,True,True,1460000
39.9,1,79.0,11.9,Bemowo,True,False,982000
52.6,3,32.0,13.3,Bemowo,False,True,790000
85.2,4,8.0,10.4,Praga-Południe,True,True,1793000
116.4,5,115.0,1.4,Żoliborz,True,True,2837000
31.5,1,118.0,7.1,Żoliborz,False,False,860000
59.0,2,2.0,1.5,Śródmieście,True,False,2030000
31.6,2,46.0,5.1,Bemowo,False,False,509000
53.6,3,38.0,1.1,Mokotów,False,False,753000
45.6,2,10.0,3.9,Mokotów,False,True,1035000
53.3,2,50.0,4.2,Mokotów,False,True,986000
24.2,1,3.0,5.6,Mokotów,True,True,698000
45.0,2,49.0,2.8,Śródmieście,,False,1105000
43.2,2,112.0,9.2,Żoliborz,False,True,948000
38.1,2,1.0,10.2,Bemowo,True,True,952000
37.0,2,56.0,4.0,Mokotów,False,False,640000
77.8,3,81.0,6.6,Bemowo,False,True,1452000
101.9,4,3.0,9.8,Praga-Południe,False,True,2504000
54.4,3,43.0,5.1,Praga-Południe,False,True,891000
139.0,6,39.0,1.3,Mokotów,False,True,1817000
59.2,3,94.0,5.2,Bemowo,False,True,1045000
61.9,3,31.0,3.4,Mokotów,False,True,1030000
27.5,1,9.0,1.8,Mokotów,True,True,719000
18.0,1,55.0,4.7,Mokotów,False,False,328000
61.7,3,44.0,3.8,Mokotów,,True,1123000
105.0,4,52.0,0.5,Śródmieście,False,False,2346000
26.6,1,52.0,8.7,Praga-Południe,False,False,531000
39.2,2,84.0,5.8,Mokotów,False,False,804000
42.9,2,59.0,2.9,Bemowo,False,False,707000
20.8,1,37.0,7.8,Praga-Południe,True,False,493000
36.6,1,62.0,1.8,Mokotów,False,True,821000
66.2,3,51.0,3.6,Praga-Południe,True,True,927000
54.6,2,49.0,15.8,Praga-Południe,False,False,926000
30.3,1,77.0,3.7,Mokotów,False,True,784000
69.6,3,43.0,11.8,Praga-Południe,False,True,797000
36.6,2,80.0,2.1,Mokotów,False,False,846000
37.2,1,90.0,4.0,Żoliborz,False,True,1006000
46.3,2,66.0,7.6,Bemowo,,True,902000
63.2,3,110.0,2.0,Żoliborz,False,True,1047000
63.1,3,8.0,5.0,Praga-Południe,False,True,1427000
47.5,1,92.0,6.6,Praga-Południe,False,False,1299000
60.1,2,38.0,7.2,Praga-Południe,False,False,946000
40.2,1,79.0,7.3,Bemowo,False,True,971000
35.6,3,101.0,0.9,Śródmieście,True,False,1153000
44.0,2,1.0,11.0,Bemowo,False,True,879000
50.5,2,37.0,5.1,Praga-Południe,True,True,905000
70.9,3,59.0,3.3,Bemowo,,False,1044000
42.7,2,40.0,1.1,Mokotów,False,True,704000
60.9,2,102.0,4.6,Bemowo,False,True,1426000
93.0,4,102.0,1.2,Śródmieście,False,False,3291000
36.2,2,51.0,5.6,Bemowo,False,False,539000
39.7,3,79.0,1.4,Mokotów,True,False,805000
35.1,1,30.0,0.3,Śródmieście,False,False,950000
50.5,2,109.0,0.7,Żoliborz,False,False,1151000
58.1,2,45.0,5.6,Praga-Południe,False,True,934000
50.3,2,77.0,9.6,Praga-Południe,False,True,1026000
42.9,1,46.0,5.2,Praga-Południe,True,True,727000
32.9,1,2.0,1.1,Śródmieście,True,,1234000
40.8,2,62.0,15.0,Bemowo,False,False,639000
56.6,1,30.0,0.8,Żoliborz,False,True,1067000
36.2,2,10.0,3.0,Żoliborz,False,True,746000
54.4,2,61.0,8.5,Bemowo,False,False,1011000
54.4,1,97.0,1.1,Śródmieście,False,False,2233000
46.7,2,104.0,6.9,Bemowo,False,True,996000
26.7,2,2.0,11.9,Bemowo,False,True,655000
32.7,2,31.0,6.5,Bemowo,False,True,521000
101.0,4,50.0,6.6,Bemowo,False,True,1570000
49.5,2,46.0,4.9,Bemowo,False,True,791000
39.4,2,50.0,6.2,Bemowo,,True,783000
47.8,2,6.0,1.0,Mokotów,True,True,976000
36.4,1,52.0,7.1,Mokotów,True,,801000
39.4,1,48.0,4.0,Mokotów,False,True,755000
83.5,3,74.0,6.6,Mokotów,False,True,1565000
28.9,1,44.0,4.8,Praga-Południe,False,False,612000
77.2,4,5.0,1.2,Praga-Południe,True,True,1928000
144.6,6,0.0,3.8,Bemowo,True,True,3783000
46.2,2,92.0,4.8,Bemowo,False,False,973000
76.8,3,40.0,6.1,Praga-Południe,False,False,1097000
60.2,2,70.0,2.1,Bemowo,True,False,1367000
24.7,2,4.0,3.0,Mokotów,False,True,579000
52.4,2,45.0,1.3,Śródmieście,True,False,1172000
58.8,3,99.0,9.6,Bemowo,False,,970000
48.9,2,39.0,17.0,Bemowo,True,True,790000
34.7,2,9.0,1.6,Mokotów,True,True,841000
36.1,1,92.0,2.2,Mokotów,False,True,1032000
51.1,2,66.0,5.2,Praga-Południe,False,True,1053000
52.1,2,47.0,3.4,Praga-Południe,False,True,899000
95.5,5,52.0,15.4,Bemowo,False,False,1289000
37.3,1,54.0,4.0,Mokotów,False,False,689000
37.9,1,32.0,11.4,Bemowo,False,True,745000
36.3,1,112.0,2.3,Śródmieście,False,False,1443000
44.4,2,66.0,6.0,Praga-Południe,True,False,1061000
33.2,1,34.0,5.7,Praga-Południe,False,True,728000
39.9,1,39.0,2.3,Bemowo,False,False,614000
42.5,2,77.0,3.8,Praga-Południe,False,False,1024000
37.5,1,68.0,3.6,Mokotów,False,False,1030000
59.8,3,98.0,3.4,Żoliborz,True,,1382000
67.8,4,31.0,3.2,Bemowo,True,True,1032000
70.3,3,3.0,3.2,Mokotów,False,True,1421000
25.5,1,55.0,5.7,Mokotów,True,True,538000
47.7,2,30.0,4.1,Mokotów,True,True,942000
61.1,3,95.0,5.8,Bemowo,False,False,1065000
53.5,2,80.0,3.2,Mokotów,False,True,1118000
55.9,2,3.0,4.4,Bemowo,True,True,1201000
70.8,3,4.0,4.4,Praga-Południe,True,True,1613000
48.0,2,109.0,2.3,Żoliborz,,True,1215000
50.2,2,53.0,4.2,Żoliborz,False,True,666000
26.8,1,50.0,5.7,Praga-Południe,False,True,589000
32.6,1,61.0,2.1,Mokotów,False,False,690000
52.9,3,44.0,1.6,Mokotów,False,True,804000
30.6,1,39.0,6.6,Bemowo,False,False,488000
45.1,2,52.0,4.1,Mokotów,False,False,661000
93.0,4,38.0,6.8,Praga-Południe,False,False,1152000
65.9,3,53.0,5.1,Praga-Południe,False,True,1027000
27.7,1,58.0,5.7,Praga-Południe,False,True,607000
28.8,1,39.0,2.2,Śródmieście,False,False,782000
48.5,2,1.0,2.1,Śródmieście,True,True,1794000
47.7,1,66.0,2.0,Śródmieście,False,True,1726000
27.6,1,53.0,5.6,Bemowo,False,False,485000
118.4,4,2.0,4.4,Mokotów,,True,2634000
42.8,2,62.0,9.5,Bemowo,False,True,774000
51.2,1,33.0,0.3,Śródmieście,False,True,1363000
73.0,4,48.0,7.8,Mokotów,False,True,1073000
29.9,2,7.0,1.4,Mokotów,True,True,720000
53.5,2,32.0,2.2,Bemowo,True,,873000
19.6,1,55.0,8.7,Żoliborz,,False,301000
54.0,3,32.0,5.6,Bemowo,False,False,661000
27.2,1,10.0,4.9,Praga-Południe,True,True,923000
30.7,1,7.0,2.6,Żoliborz,False,True,724000
48.2,2,32.0,2.7,Praga-Południe,False,True,898000
47.0,2,109.0,3.7,Śródmieście,False,True,1691000
28.0,1,74.0,9.8,Bemowo,False,False,594000
63.5,3,58.0,8.6,Bemowo,True,True,937000
37.6,2,53.0,4.5,Mokotów,False,False,580000
42.0,2,84.0,4.4,Bemowo,False,False,830000
61.0,2,33.0,10.8,Bemowo,True,True,992000
108.7,4,44.0,4.0,Żoliborz,False,True,1517000
47.1,1,57.0,3.3,Mokotów,True,False,1210000
30.3,1,87.0,13.0,Bemowo,False,True,719000
52.8,1,88.0,2.2,Praga-Południe,,,1482000
24.9,1,6.0,7.5,Mokotów,False,True,611000
45.5,1,46.0,1.6,Żoliborz,True,True,864000
25.9,2,32.0,4.8,Żoliborz,False,False,422000
50.3,2,39.0,4.2,Mokotów,True,,862000
23.1,1,46.0,5.6,Mokotów,False,True,385000
29.1,1,50.0,5.9,Bemowo,True,False,606000
59.2,2,49.0,1.8,Żoliborz,True,True,872000
52.8,3,97.0,5.2,Praga-Południe,False,True,1016000
32.3,1,49.0,4.9,Mokotów,False,True,667000
25.8,2,54.0,9.1,Bemowo,False,True,392000
34.1,1,101.0,6.4,Praga-Południe,False,True,721000
27.4,1,100.0,2.6,Żoliborz,False,True,798000
36.4,1,49.0,1.1,Śródmieście,False,True,923000
60.1,2,62.0,9.0,Mokotów,False,False,1212000
21.1,1,88.0,2.3,Mokotów,False,False,462000
32.4,2,10.0,3.9,Bemowo,True,True,775000
48.2,2,64.0,4.6,Bemowo,False,True,1048000
94.3,4,45.0,1.7,Śródmieście,False,False,2127000
70.7,3,39.0,6.4,Bemowo,False,True,903000
53.8,2,53.0,8.1,Praga-Południe,True,True,1035000
44.0,2,84.0,9.1,Żoliborz,False,True,1014000
37.2,1,37.0,1.3,Mokotów,True,True,716000
55.2,2,103.0,7.9,Bemowo,True,False,1269000
44.9,1,77.0,2.8,Mokotów,False,False,1062000
54.1,2,95.0,6.9,Bemowo,False,True,1215000
77.4,3,51.0,6.2,Bemowo,False,False,1034000
32.4,1,119.0,2.5,Żoliborz,False,True,859000
61.5,3,47.0,4.5,Żoliborz,False,True,752000
58.7,3,61.0,11.8,Praga-Południe,False,True,1010000
84.4,3,79.0,5.7,Bemowo,,False,1313000
30.1,2,6.0,7.6,Bemowo,True,True,810000
49.1,2,33.0,9.8,Praga-Południe,True,False,784000
51.6,2,81.0,0.7,Śródmieście,False,True,1560000
20.4,1,38.0,7.1,Żoliborz,False,True,339000
52.4,2,33.0,2.3,Praga-Południe,,True,794000
28.7,1,39.0,3.6,Mokotów,False,True,640000
96.0,3,9.0,12.8,Praga-Południe,True,True,2224000
50.1,2,1.0,6.4,Mokotów,True,True,1375000
57.0,3,82.0,2.9,Żoliborz,False,True,1177000
65.8,3,30.0,9.3,Bemowo,True,False,1127000
37.2,2,36.0,6.4,Bemowo,False,False,606000
23.9,1,4.0,2.3,Mokotów,True,True,648000
30.8,2,37.0,2.2,Śródmieście,,True,707000
75.7,3,63.0,2.1,Praga-Południe,False,True,1426000
48.2,2,8.0,7.9,Praga-Południe,False,True,1074000
65.4,2,40.0,2.3,Mokotów,False,True,1040000
25.2,1,72.0,6.0,Bemowo,False,False,569000
84.5,3,9.0,2.9,Żoliborz,False,True,1557000
114.6,4,52.0,11.4,Praga-Południe,False,True,1689000
69.0,2,74.0,1.6,Mokotów,False,False,1521000
25.0,2,52.0,5.4,Mokotów,False,False,440000
18.0,2,38.0,3.5,Bemowo,False,True,260000
40.7,2,10.0,10.9,Bemowo,False,True,947000
26.4,1,3.0,3.7,Żoliborz,True,True,780000
38.1,2,102.0,2.6,Mokotów,True,False,843000
37.9,1,78.0,15.2,Bemowo,False,True,927000
42.8,2,70.0,0.9,Żoliborz,False,True,850000
36.7,1,108.0,9.2,Bemowo,False,True,922000
53.4,3,35.0,8.1,Bemowo,True,False,764000
24.4,1,43.0,4.5,Praga-Południe,False,True,480000
52.1,3,34.0,4.4,Mokotów,False,True,858000
19.0,1,44.0,2.8,Mokotów,False,True,405000
44.4,2,34.0,3.8,Mokotów,True,True,824000
29.3,2,34.0,2.4,Mokotów,False,True,559000
19.6,1,6.0,4.4,Mokotów,True,True,620000
39.4,1,98.0,2.9,Mokotów,False,False,938000
73.9,3,51.0,5.6,Praga-Południe,,True,1321000
43.2,2,108.0,3.4,Śródmieście,False,True,1548000
29.5,1,33.0,7.9,Praga-Południe,False,True,661000
48.8,2,50.0,4.0,Żoliborz,False,True,666000
69.4,2,0.0,8.5,Bemowo,False,True,1577000
34.5,2,39.0,4.0,Praga-Południe,False,False,557000
39.3,2,49.0,7.5,Bemowo,,True,764000
69.2,2,10.0,2.7,Mokotów,True,True,1618000
27.8,1,92.0,3.3,Mokotów,False,False,711000
23.3,1,8.0,6.5,Bemowo,True,True,698000
38.0,1,53.0,6.7,Mokotów,False,False,662000
57.3,2,48.0,1.4,Żoliborz,False,,856000
79.4,4,70.0,3.5,Mokotów,False,False,1435000
35.1,2,104.0,8.0,Bemowo,False,True,740000
44.2,2,5.0,3.2,Żoliborz,,True,1162000
27.0,1,99.0,2.5,Mokotów,False,True,812000
72.1,2,7.0,6.7,Bemowo,True,True,1667000
35.3,1,82.0,5.0,Mokotów,False,True,888000
24.2,2,68.0,18.0,Praga-Południe,False,True,463000
22.2,1,4.0,3.2,Bemowo,True,True,797000
60.2,2,108.0,6.2,Żoliborz,False,False,1383000
75.8,4,83.0,5.6,Mokotów,False,True,1494000
31.1,2,38.0,4.1,Mokotów,True,False,555000
50.5,2,102.0,6.9,Mokotów,True,,1249000
36.7,2,47.0,5.2,Mokotów,True,True,603000
99.0,4,48.0,1.2,Śródmieście,False,True,2180000
86.2,4,38.0,11.6,Praga-Południe,False,False,1028000
88.4,4,46.0,10.6,Praga-Południe,True,True,1300000
23.5,1,39.0,2.3,Mokotów,False,False,514000
42.4,2,52.0,7.1,Praga-Południe,,False,808000
40.4,2,81.0,4.7,Praga-Południe,False,True,948000
20.1,1,32.0,3.4,Bemowo,False,False,374000
47.9,2,52.0,6.7,Bemowo,False,True,828000
49.9,2,46.0,11.3,Praga-Południe,False,False,786000
30.7,2,4.0,1.8,Śródmieście,True,True,1205000
58.6,2,52.0,5.9,Praga-Południe,True,False,1108000
56.8,2,7.0,13.3,Praga-Południe,True,False,1522000
49.5,2,94.0,1.9,Żoliborz,,True,1141000
40.5,1,84.0,6.5,Mokotów,True,True,1147000
54.6,3,105.0,4.4,Mokotów,True,False,1073000
75.2,3,33.0,7.7,Bemowo,False,False,947000
34.2,2,36.0,5.1,Mokotów,False,False,435000
21.9,1,44.0,1.6,Śródmieście,False,True,567000
24.9,1,11.0,1.4,Śródmieście,True,True,895000
87.4,4,4.0,1.7,Śródmieście,,True,2585000
31.0,2,98.0,7.3,Żoliborz,False,True,791000
46.6,2,2.0,12.2,Mokotów,True,True,930000
44.3,3,49.0,3.7,Mokotów,False,False,638000
41.5,2,39.0,6.0,Praga-Południe,False,True,806000
37.6,2,81.0,2.4,Żoliborz,False,False,920000
40.4,3,62.0,3.9,Mokotów,False,True,677000
42.2,2,39.0,3.7,Mokotów,True,False,690000
25.1,1,11.0,0.3,Śródmieście,False,True,999000
27.3,2,34.0,1.1,Śródmieście,False,False,608000
78.7,3,41.0,1.2,Mokotów,False,False,962000
31.5,1,98.0,4.3,Bemowo,False,True,762000
41.6,2,46.0,7.0,Praga-Południe,False,True,649000
70.8,3,98.0,1.3,Żoliborz,False,True,1569000
44.4,2,46.0,6.3,Praga-Południe,False,False,702000
44.2,1,53.0,4.5,Mokotów,False,True,959000
46.9,2,91.0,6.4,Mokotów,False,False,1055000
70.9,3,61.0,7.7,Praga-Południe,False,True,1382000
35.0,1,33.0,0.3,Śródmieście,False,False,885000
37.9,2,33.0,4.3,Bemowo,False,False,653000
48.3,2,108.0,7.9,Bemowo,True,True,1058000
48.9,3,108.0,0.5,Śródmieście,True,False,1494000
40.9,2,103.0,3.5,Bemowo,False,True,967000
61.1,3,86.0,7.6,Żoliborz,True,False,1418000
35.2,1,70.0,6.7,Bemowo,True,True,818000
48.0,2,61.0,0.5,Żoliborz,False,True,782000
121.5,5,91.0,9.4,Mokotów,False,False,2590000
19.1,1,33.0,3.0,Praga-Południe,,True,383000
49.0,2,30.0,1.3,Mokotów,False,True,828000
38.4,2,46.0,5.3,Praga-Południe,False,False,456000
29.5,2,5.0,2.2,Mokotów,True,True,696000
29.2,2,53.0,5.1,Mokotów,False,True,484000
20.2,1,89.0,7.9,Praga-Południe,False,False,569000
39.2,2,39.0,3.9,Bemowo,False,,657000
60.7,2,4.0,4.4,Mokotów,True,True,1638000
59.7,2,109.0,2.8,Śródmieście,False,True,2018000
37.5,2,89.0,4.2,Praga-Południe,False,False,876000
75.7,3,47.0,8.2,Praga-Południe,False,True,1066000
55.4,2,60.0,6.5,Bemowo,True,False,1007000
72.5,4,49.0,0.9,Mokotów,False,True,1140000
34.4,1,34.0,3.2,Mokotów,False,False,795000
40.2,2,31.0,8.6,Praga-Południe,True,True,804000
29.7,1,93.0,4.0,Praga-Południe,True,True,842000
63.9,3,32.0,4.4,Żoliborz,False,,832000
35.6,2,83.0,3.0,Żoliborz,False,False,851000
18.0,1,2.0,0.6,Śródmieście,True,True,764000
41.4,1,31.0,2.8,Mokotów,True,False,818000
40.4,2,56.0,4.0,Mokotów,True,True,666000
45.0,2,67.0,5.3,Bemowo,True,True,970000
96.3,4,106.0,1.8,Żoliborz,False,False,2062000
30.9,2,40.0,1.7,Mokotów,False,False,398000
46.0,2,8.0,2.4,Mokotów,True,True,1006000
18.6,1,2.0,1.9,Żoliborz,,True,474000
63.9,3,53.0,4.7,Praga-Południe,False,True,1028000
56.3,3,1.0,6.0,Praga-Południe,True,True,1535000
46.6,2,34.0,2.7,Żoliborz,True,False,793000
21.7,1,37.0,4.4,Żoliborz,True,True,468000
37.9,2,2.0,5.8,Żoliborz,True,True,875000
42.6,2,41.0,5.7,Bemowo,False,False,697000
38.6,2,8.0,8.0,Praga-Południe,True,True,957000
66.6,2,46.0,2.5,Mokotów,False,True,1101000
42.2,2,47.0,4.5,Praga-Południe,False,False,790000
26.6,1,37.0,8.4,Bemowo,False,True,431000
26.7,1,34.0,5.1,Praga-Południe,False,False,560000
75.0,3,81.0,1.1,Śródmieście,False,True,2073000
41.7,2,11.0,10.5,Praga-Południe,False,True,802000
361.0,1,50.0,5.2,Żoliborz,False,True,622000
52.4,2,67.0,4.9,Bemowo,True,False,1123000
55.5,2,84.0,8.0,Bemowo,False,False,1251000
53.3,2,95.0,6.3,Praga-Południe,True,False,1330000
46.0,2,46.0,2.5,Mokotów,False,,640000
84.9,4,31.0,3.8,Bemowo,,True,1406000
44.9,2,34.0,11.2,Bemowo,False,True,767000
60.5,2,68.0,6.1,Bemowo,False,True,1036000
78.8,3,90.0,0.6,Żoliborz,True,True,1782000
42.4,1,12.0,3.8,Bemowo,False,True,824000
77.5,3,92.0,14.7,Bemowo,False,True,1242000
33.9,2,3.0,3.6,Mokotów,True,True,976000
51.7,2,36.0,1.3,Mokotów,True,False,917000
44.4,2,41.0,9.9,Praga-Południe,False,True,768000
54.6,2,33.0,8.5,Bemowo,False,True,811000
84.9,4,94.0,5.2,Praga-Południe,False,True,1777000
27.1,1,50.0,1.9,Bemowo,False,False,505000
48.4,2,108.0,5.4,Żoliborz,False,False,938000
72.4,3,2.0,5.0,Praga-Południe,False,False,1423000
40.0,2,7.0,6.9,Bemowo,True,True,958000
57.7,2,79.0,7.3,Praga-Południe,False,True,1058000
49.6,2,3.0,7.6,Praga-Południe,False,True,1133000
53.0,1,102.0,0.3,Śródmieście,False,False,2405000
57.1,2,8.0,8.9,Praga-Południe,False,False,1282000
43.1,1,112.0,6.2,Żoliborz,False,,1161000
29.5,1,10.0,7.3,Bemowo,True,True,919000
64.9,2,34.0,3.1,Mokotów,True,False,923000
68.5,3,10.0,14.9,Bemowo,True,True,1306000
84.7,3,81.0,2.2,Śródmieście,False,True,2695000
56.0,2,49.0,16.6,Bemowo,True,True,910000
62.9,2,6.0,6.1,Mokotów,True,False,1695000
68.3,3,10.0,3.6,Żoliborz,True,True,1191000
51.5,2,79.0,3.5,Żoliborz,False,False,1151000
29.9,2,39.0,4.8,Mokotów,False,True,529000
79.9,4,94.0,3.9,Żoliborz,False,True,1955000
45.4,2,99.0,4.3,Bemowo,False,True,791000
69.3,3,52.0,8.2,Bemowo,False,True,903000
65.8,3,48.0,7.0,Bemowo,False,False,699000
65.5,3,34.0,10.6,Bemowo,False,False,967000
48.7,2,53.0,16.2,Praga-Południe,False,True,710000
73.5,3,86.0,2.5,Żoliborz,False,True,1586000
83.1,3,7.0,3.9,Bemowo,False,False,1758000
30.6,1,31.0,3.7,Praga-Południe,False,True,658000
65.4,4,3.0,15.1,Praga-Południe,True,True,1688000
30.1,1,51.0,3.6,Bemowo,False,True,508000
34.2,1,65.0,3.9,Żoliborz,False,True,812000
33.1,1,33.0,10.7,Praga-Południe,False,True,729000
84.9,4,96.0,2.6,Śródmieście,,True,2400000
117.1,5,44.0,3.5,Bemowo,False,False,1642000
43.7,2,102.0,8.1,Bemowo,False,False,753000
38.4,1,90.0,1.8,Mokotów,False,False,1040000
29.7,1,41.0,2.4,Żoliborz,False,False,480000
47.6,2,7.0,0.3,Śródmieście,True,True,1650000
73.9,3,91.0,4.4,Mokotów,False,False,1429000
51.7,2,7.0,8.0,Bemowo,True,True,1061000
75.6,3,41.0,3.0,Bemowo,False,True,1042000
54.2,1,8.0,5.8,Praga-Południe,False,True,1686000
81.7,4,83.0,5.6,Bemowo,False,False,1356000
40.3,1,44.0,0.6,Śródmieście,False,True,1001000
78.9,4,33.0,10.3,Bemowo,False,False,1083000
21.0,1,2.0,5.5,Mokotów,True,True,746000
44.7,2,2.0,5.0,Żoliborz,True,True,1083000
62.2,2,79.0,10.9,Bemowo,False,True,1561000
38.0,2,102.0,3.7,Mokotów,False,True,962000
58.9,3,93.0,0.8,Mokotów,False,False,1240000
32.0,2,53.0,3.9,Mokotów,False,True,524000
32.6,2,52.0,1.3,Mokotów,False,True,596000
84.7,4,44.0,4.1,Żoliborz,False,True,998000
39.2,2,109.0,7.1,Praga-Południe,,True,915000
22.8,1,102.0,1.9,Śródmieście,False,True,1025000
67.9,3,57.0,4.8,Praga-Południe,True,True,1240000
77.9,3,45.0,2.7,Śródmieście,False,True,1415000
25.8,1,33.0,3.3,Mokotów,False,True,507000
29.4,1,89.0,2.0,Śródmieście,False,True,1195000
40.6,1,33.0,5.7,Mokotów,False,True,857000
69.0,3,35.0,6.6,Bemowo,False,False,808000
77.0,3,103.0,4.8,Żoliborz,False,False,1695000
66.7,3,10.0,2.0,Mokotów,True,True,1542000
66.6,3,5.0,4.6,Bemowo,False,True,1326000
35.9,2,35.0,7.6,Bemowo,False,True,544000
55.9,3,2.0,2.8,Żoliborz,True,True,1109000
20.4,1,38.0,7.1,Żoliborz,False,True,339000
89.9,5,32.0,4.5,Mokotów,False,True,1681000
22.6,1,50.0,3.1,Mokotów,True,True,484000
34.7,2,41.0,5.0,Praga-Południe,False,True,538000
63.0,2,50.0,7.6,Żoliborz,False,,867000
33.1,2,95.0,14.1,Bemowo,False,True,712000
52.0,2,46.0,3.6,Mokotów,True,False,835000
37.3,2,115.0,3.5,Śródmieście,False,True,1502000
58.9,3,36.0,1.3,Mokotów,False,False,675000
45.9,2,6.0,6.3,Żoliborz,True,True,1090000
49.4,2,52.0,5.7,Bemowo,,True,785000
40.5,2,36.0,7.9,Mokotów,False,False,582000
84.5,3,9.0,2.9,Żoliborz,False,True,1557000
49.9,2,12.0,2.4,Mokotów,,True,1258000
49.2,2,103.0,6.4,Żoliborz,False,False,1083000
29.6,1,85.0,6.9,Żoliborz,False,True,815000
29.1,1,84.0,4.9,Praga-Południe,False,True,827000
75.4,3,43.0,11.7,Bemowo,False,True,1041000
58.4,2,86.0,14.9,Praga-Południe,False,False,1169000
56.3,2,0.0,6.0,Mokotów,False,True,1549000
40.1,1,80.0,3.9,Mokotów,False,,1069000
42.5,2,10.0,9.4,Praga-Południe,,,913000
47.8,2,3.0,4.7,Bemowo,False,True,955000
73.8,3,3.0,8.6,Bemowo,,False,1644000
37.3,2,99.0,2.0,Żoliborz,False,True,1013000
40.5,2,38.0,4.7,Mokotów,False,False,652000
70.8,4,36.0,4.8,Mokotów,False,True,974000
25.7,1,0.0,6.2,Praga-Południe,False,True,896000
34.2,1,7.0,4.4,Mokotów,True,True,1111000
49.7,2,3.0,2.2,Śródmieście,True,True,1665000
42.1,2,1.0,0.5,Śródmieście,False,True,1587000
35.2,1,50.0,1.9,Bemowo,False,False,591000
144.6,6,51.0,1.1,Mokotów,False,True,2593000
43.3,1,43.0,0.3,Śródmieście,True,True,1132000
47.2,2,53.0,6.8,Praga-Południe,False,True,876000
56.3,3,9.0,2.0,Mokotów,False,True,1021000
37.1,2,4.0,8.1,Praga-Południe,False,True,1021000
71.4,3,34.0,1.6,Mokotów,False,True,1017000
39.3,1,49.0,0.8,Mokotów,False,False,711000
69.4,3,104.0,1.0,Śródmieście,False,True,1993000
33.3,2,96.0,4.6,Mokotów,False,True,632000
18.5,1,119.0,7.0,Żoliborz,,False,451000
78.3,4,35.0,2.4,Praga-Południe,False,,1151000
66.4,3,41.0,6.1,Bemowo,True,True,952000
47.1,2,44.0,0.8,Śródmieście,False,True,964000
18.0,1,33.0,6.5,Mokotów,False,True,412000
34.4,2,38.0,10.0,Żoliborz,True,True,600000
62.1,3,87.0,0.7,Śródmieście,False,True,1624000
42.1,1,40.0,7.7,Żoliborz,True,False,855000
53.9,3,66.0,3.6,Żoliborz,False,True,779000
48.8,2,8.0,3.5,Żoliborz,True,True,1072000
41.7,2,5.0,9.1,Mokotów,False,False,1040000
24.8,1,37.0,1.8,Żoliborz,False,True,463000
56.0,1,37.0,1.8,Żoliborz,False,True,996000
42.2,1,31.0,1.0,Mokotów,True,True,951000
18.0,1,39.0,3.5,Mokotów,True,True,487000
64.1,3,39.0,9.9,Praga-Południe,False,True,847000
62.2,3,34.0,9.4,Mokotów,False,True,920000
27.1,1,2.0,3.7,Mokotów,False,True,813000
75.9,3,3.0,4.2,Mokotów,True,True,1487000
59.6,2,74.0,1.6,Mokotów,False,True,1240000
55.1,3,7.0,0.9,Śródmieście,True,True,1582000
37.6,1,46.0,2.4,Bemowo,False,True,675000
66.5,2,2.0,1.1,Mokotów,False,True,1656000
26.7,2,36.0,8.3,Bemowo,False,True,413000
104.6,5,51.0,7.6,Praga-Południe,False,True,1710000
45.1,2,41.0,3.2,Mokotów,True,False,769000
63.3,3,81.0,4.6,Bemowo,,False,1137000
23.1,1,54.0,5.1,Bemowo,False,False,360000
54.7,2,63.0,0.4,Śródmieście,False,True,1455000
43.9,2,85.0,2.5,Żoliborz,False,True,1109000
46.2,2,12.0,6.3,Mokotów,True,False,1060000
37.2,2,33.0,3.3,Bemowo,False,False,524000
66.6,2,87.0,0.7,Śródmieście,False,False,2369000
50.9,2,46.0,1.5,Śródmieście,False,True,1010000
81.1,3,37.0,7.5,Praga-Południe,False,True,1390000
19.8,1,95.0,1.4,Żoliborz,False,False,535000
41.4,2,10.0,4.6,Mokotów,False,True,1019000
37.8,1,47.0,4.5,Bemowo,False,True,683000
56.7,4,67.0,4.4,Bemowo,True,False,1044000
35.6,2,52.0,2.4,Praga-Południe,False,True,756000
69.7,3,51.0,6.0,Mokotów,False,True,932000
67.6,3,61.0,12.7,Bemowo,False,True,1078000
34.1,2,36.0,13.6,Mokotów,False,False,516000
41.6,1,44.0,1.5,Mokotów,False,True,849000
34.6,1,70.0,6.8,Praga-Południe,True,True,1040000
24.0,1,101.0,1.8,Śródmieście,False,False,1080000
60.2,2,108.0,6.2,Żoliborz,False,False,1383000
21.8,1,63.0,7.1,Bemowo,False,True,524000
64.6,3,93.0,2.1,Mokotów,False,True,1309000
103.0,3,52.0,8.8,Praga-Południe,False,True,1673000
54.7,3,34.0,11.2,Praga-Południe,False,True,927000
53.6,2,32.0,6.3,Mokotów,False,True,833000
86.2,4,45.0,3.0,Mokotów,False,True,1452000
45.1,2,48.0,7.3,Bemowo,False,False,737000
51.1,2,104.0,0.3,Śródmieście,False,True,1818000
31.7,1,11.0,10.0,Mokotów,False,True,880000
55.8,2,107.0,2.9,Żoliborz,True,False,1145000
44.9,2,91.0,5.4,Żoliborz,True,True,1118000
22.9,1,9.0,2.4,Mokotów,False,True,654000
34.5,2,11.0,6.5,Bemowo,True,True,930000
60.2,3,56.0,3.6,Bemowo,False,,861000
69.1,2,84.0,6.7,Mokotów,False,True,1494000
30.3,1,56.0,4.5,Żoliborz,False,True,603000
60.5,2,32.0,6.5,Żoliborz,False,False,1012000
57.6,2,43.0,8.0,Bemowo,False,False,723000
29.1,1,1.0,4.2,Mokotów,True,True,1095000
62.9,3,49.0,10.1,Praga-Południe,False,False,925000
25.2,2,9.0,0.8,Żoliborz,False,True,560000
73.9,4,51.0,1.7,Śródmieście,False,True,1579000
64.0,3,45.0,5.6,Bemowo,False,,787000
55.0,2,50.0,8.2,Bemowo,False,True,841000
48.1,1,7.0,8.3,Mokotów,True,True,1526000
54.9,3,38.0,1.6,Żoliborz,False,True,727000
46.6,3,53.0,8.5,Bemowo,False,True,624000
41.3,2,103.0,0.9,Śródmieście,False,False,1302000
28.9,1,87.0,0.6,Śródmieście,False,True,1227000
33.6,2,39.0,2.9,Praga-Południe,False,False,597000
38.6,1,32.0,6.3,Żoliborz,False,True,654000
18.0,1,64.0,3.4,Mokotów,True,False,424000
53.0,2,69.0,10.4,Praga-Południe,False,False,1120000
62.1,2,35.0,6.9,Praga-Południe,False,False,1105000
40.1,2,46.0,4.6,Praga-Południe,False,True,646000
25.6,1,118.0,2.9,Żoliborz,,False,709000
29.3,1,67.0,2.5,Żoliborz,False,True,692000
53.2,2,42.0,2.4,Praga-Południe,False,True,970000
24.9,1,8.0,7.0,Bemowo,True,True,749000
82.7,3,55.0,12.5,Bemowo,,True,1231000
48.3,2,46.0,10.3,Bemowo,False,True,677000
63.7,3,6.0,1.5,Mokotów,False,,1302000
67.8,3,6.0,4.9,Żoliborz,False,True,1228000
51.0,2,45.0,4.2,Żoliborz,True,False,853000
35.2,1,35.0,7.6,Praga-Południe,False,False,632000
28.3,1,103.0,4.2,Bemowo,False,False,636000
38.0,2,46.0,4.3,Praga-Południe,False,False,608000
52.8,2,86.0,3.0,Żoliborz,False,False,1254000
36.7,1,10.0,12.3,Praga-Południe,False,True,997000
85.1,3,5.0,2.2,Mokotów,True,True,1764000
43.6,2,54.0,3.3,Bemowo,False,,750000
44.0,1,86.0,3.3,Bemowo,,True,1163000
23.2,1,45.0,8.9,Bemowo,True,True,449000
31.9,1,50.0,6.1,Praga-Południe,False,True,579000
31.7,2,52.0,4.1,Bemowo,False,False,606000
48.3,2,36.0,1.4,Mokotów,False,False,642000
56.5,2,96.0,3.6,Żoliborz,True,True,1493000
104.5,5,80.0,10.0,Praga-Południe,False,True,2038000
38.0,2,83.0,2.8,Mokotów,False,True,850000
20.3,1,11.0,3.4,Żoliborz,False,True,460000
74.0,3,96.0,0.9,Śródmieście,False,True,2251000
63.4,3,45.0,1.1,Śródmieście,False,True,1250000
58.2,3,49.0,3.8,Mokotów,False,True,850000
84.1,4,62.0,3.3,Mokotów,False,,1626000
60.1,3,0.0,5.9,Mokotów,True,True,1584000
32.3,2,41.0,7.9,Praga-Południe,False,False,499000
51.4,2,11.0,4.2,Mokotów,False,True,1114000
36.0,2,50.0,2.7,Żoliborz,False,True,490000
36.2,1,10.0,2.2,Mokotów,True,True,1098000
62.9,2,63.0,6.7,Bemowo,False,,1119000
61.2,3,49.0,3.0,Bemowo,,True,806000
35.1,1,43.0,10.9,Mokotów,False,True,652000
46.8,1,36.0,7.2,Żoliborz,False,True,827000
61.6,3,37.0,9.1,Bemowo,False,True,864000
54.4,2,106.0,2.4,Mokotów,False,True,1433000
27.7,2,89.0,5.0,Bemowo,False,True,625000
51.3,2,42.0,14.1,Żoliborz,False,False,708000
67.8,2,63.0,0.9,Śródmieście,False,True,2092000
34.1,1,8.0,2.4,Żoliborz,True,True,924000
55.4,2,40.0,4.4,Praga-Południe,False,False,886000
56.1,3,51.0,4.8,Praga-Południe,False,False,904000
33.1,1,43.0,8.9,Bemowo,False,True,559000
29.3,2,35.0,7.2,Praga-Południe,False,True,454000
33.3,2,9.0,4.5,Żoliborz,False,True,646000
27.0,1,58.0,0.8,Śródmieście,,True,813000
96.5,3,85.0,8.3,Praga-Południe,False,True,1844000
38.7,2,9.0,7.4,Bemowo,False,True,764000
45.1,2,100.0,4.3,Mokotów,False,False,1010000
30.4,2,96.0,6.6,Praga-Południe,False,True,765000
48.8,2,8.0,8.3,Bemowo,True,True,1079000
51.6,3,37.0,2.1,Żoliborz,False,False,685000
28.4,1,0.0,5.5,Praga-Południe,True,True,767000
34.4,1,118.0,2.1,Śródmieście,False,False,1512000
46.1,2,1.0,16.5,Bemowo,False,True,1078000
75.6,4,51.0,5.5,Bemowo,False,False,1124000
38.6,1,49.0,0.4,Śródmieście,False,True,899000
26.3,1,82.0,2.2,Żoliborz,False,False,736000
56.6,2,70.0,12.4,Bemowo,False,False,1092000
43.3,2,98.0,3.3,Żoliborz,True,False,997000
54.6,2,44.0,0.3,Śródmieście,False,False,1129000
46.4,1,40.0,3.6,Bemowo,True,False,902000
46.3,2,33.0,6.2,Praga-Południe,False,False,945000
48.9,2,11.0,3.8,Śródmieście,False,True,1216000
37.3,2,43.0,11.4,Bemowo,False,False,499000
98.0,4,35.0,5.3,Praga-Południe,False,True,1865000
45.4,2,58.0,7.6,Praga-Południe,False,False,902000
55.4,1,2.0,6.4,Żoliborz,True,True,1430000
36.6,2,7.0,7.1,Praga-Południe,False,True,969000
18.0,1,9.0,5.4,Bemowo,True,True,459000
35.1,1,42.0,3.7,Praga-Południe,False,True,669000
64.8,3,81.0,2.6,Bemowo,True,True,1586000
28.5,2,34.0,1.1,Mokotów,False,False,475000
65.0,3,33.0,11.1,Praga-Południe,False,True,963000
41.4,2,86.0,4.0,Żoliborz,False,False,1019000
36.5,1,32.0,4.6,Bemowo,False,False,601000
1221.0,5,97.0,4.3,Mokotów,True,False,2746000
65.3,4,8.0,2.5,Mokotów,False,True,1467000
58.6,2,11.0,2.4,Mokotów,False,True,1339000
50.8,2,9.0,1.2,Mokotów,False,True,1172000
69.4,3,4.0,3.1,Żoliborz,False,True,1437000
47.1,3,1.0,1.7,Mokotów,True,True,1202000
66.3,4,64.0,6.5,Mokotów,False,True,1361000
87.7,5,49.0,8.1,Praga-Południe,False,True,1559000
54.4,1,97.0,1.1,Śródmieście,False,False,2233000
56.9,3,68.0,5.6,Mokotów,False,,1021000
29.8,1,30.0,12.4,Mokotów,False,True,611000
96.6,3,2.0,9.4,Bemowo,True,True,2157000
38.8,2,87.0,12.8,Bemowo,False,True,792000
25.1,1,45.0,5.1,Mokotów,False,True,531000
57.1,2,31.0,6.7,Bemowo,False,True,998000
26.2,1,100.0,0.3,Śródmieście,False,False,1117000
30.7,2,3.0,6.0,Praga-Południe,True,True,760000
44.6,2,1.0,8.7,Bemowo,True,True,1122000
43.9,2,6.0,2.7,Praga-Południe,True,False,1204000
51.8,2,86.0,0.8,Żoliborz,False,True,1241000
46.4,1,32.0,7.6,Żoliborz,True,True,1025000
117.9,5,37.0,14.6,Praga-Południe,False,False,1414000
61.5,3,99.0,10.2,Mokotów,False,True,1323000
40.3,2,50.0,8.8,Praga-Południe,False,False,685000
73.9,3,6.0,4.4,Mokotów,True,True,1642000
47.7,1,4.0,13.1,Praga-Południe,False,True,1460000
23.2,1,77.0,5.9,Mokotów,False,True,551000
79.5,4,34.0,5.0,Mokotów,False,True,1090000
56.4,2,69.0,4.2,Bemowo,False,True,1137000
62.5,2,87.0,4.0,Praga-Południe,True,True,1611000
36.6,1,107.0,4.3,Żoliborz,False,True,1013000
84.1,4,62.0,3.3,Mokotów,False,,1626000
27.8,1,8.0,6.2,Praga-Południe,True,True,959000
60.4,2,8.0,7.7,Bemowo,True,True,1445000
27.1,2,77.0,11.7,Bemowo,False,True,458000
22.2,1,47.0,0.6,Śródmieście,True,True,674000
37.0,1,113.0,4.3,Żoliborz,True,,1083000
36.5,1,47.0,1.8,Mokotów,,True,689000
41.3,2,48.0,5.3,Bemowo,False,True,624000
43.0,2,44.0,9.4,Bemowo,True,False,734000
79.8,3,44.0,1.8,Mokotów,False,False,1346000
58.5,3,1.0,3.8,Żoliborz,False,True,1161000
41.6,2,34.0,2.5,Żoliborz,False,True,575000
46.8,1,99.0,1.0,Żoliborz,False,False,1574000
35.8,1,34.0,3.8,Mokotów,False,False,709000
83.6,4,64.0,7.8,Mokotów,True,True,1542000
38.7,1,11.0,8.9,Bemowo,False,True,839000
71.4,3,46.0,5.6,Praga-Południe,False,True,1111000
48.5,2,6.0,3.6,Mokotów,False,True,1050000
41.3,1,34.0,0.6,Mokotów,True,True,1010000
28.5,2,91.0,0.3,Śródmieście,False,True,992000
96.9,4,98.0,7.2,Bemowo,False,True,2044000
37.5,2,51.0,1.8,Bemowo,False,True,736000
32.8,1,52.0,0.6,Śródmieście,False,False,786000
60.2,3,40.0,9.9,Bemowo,False,False,725000
52.9,2,48.0,9.3,Żoliborz,False,False,668000
93.5,4,5.0,5.5,Bemowo,True,,1960000
39.8,2,5.0,4.3,Żoliborz,True,True,1050000
61.9,2,53.0,9.9,Bemowo,False,True,920000
44.8,3,90.0,0.7,Mokotów,False,True,737000
100.6,4,109.0,1.2,Mokotów,False,False,2083000
25.3,1,30.0,5.3,Praga-Południe,False,False,544000
92.2,3,64.0,0.7,Mokotów,False,True,1961000
83.7,4,48.0,5.3,Bemowo,False,,1371000
61.3,2,49.0,5.0,Bemowo,True,True,984000
39.9,1,3.0,5.3,Praga-Południe,False,True,1224000
49.0,2,45.0,2.6,Mokotów,False,True,792000
51.9,2,45.0,3.9,Mokotów,False,True,787000
98.9,4,84.0,3.3,Mokotów,False,True,1989000
55.5,2,83.0,1.1,Żoliborz,False,True,1361000
53.6,2,48.0,6.3,Żoliborz,False,False,718000
54.4,2,108.0,1.6,Mokotów,False,True,1184000
55.4,3,53.0,5.0,Mokotów,False,True,849000
114.7,5,55.0,1.9,Mokotów,False,False,1790000
49.1,2,2.0,4.5,Mokotów,,True,1304000
33.4,1,9.0,3.9,Praga-Południe,True,True,1026000
45.9,2,72.0,9.6,Mokotów,False,True,929000
73.1,2,85.0,3.3,Mokotów,,False,1588000
25.1,1,52.0,5.3,Praga-Południe,False,True,594000
45.2,2,54.0,1.2,Śródmieście,False,False,1101000
34.2,2,10.0,4.7,Mokotów,True,True,938000
64.6,3,80.0,7.4,Bemowo,False,True,1156000
35.5,2,10.0,3.9,Praga-Południe,,True,668000
46.9,2,3.0,3.3,Bemowo,True,True,1025000
43.8,2,8.0,2.8,Mokotów,False,True,1107000
71.4,3,39.0,4.8,Mokotów,True,True,1210000
62.8,3,95.0,2.5,Bemowo,False,False,1305000
47.5,3,99.0,9.2,Praga-Południe,False,True,946000
57.6,2,84.0,1.0,Śródmieście,,False,1942000
56.5,2,4.0,6.0,Mokotów,False,True,1347000
71.0,3,1.0,2.7,Mokotów,False,True,1854000
22.4,1,114.0,3.1,Żoliborz,,False,673000
31.3,1,3.0,11.9,Mokotów,False,True,901000
78.2,2,33.0,10.0,Praga-Południe,True,False,1338000
18.9,1,95.0,3.9,Mokotów,False,False,482000
28.8,1,49.0,4.8,Praga-Południe,True,True,662000
60.6,3,101.0,6.0,Żoliborz,False,True,1206000
42.8,2,9.0,2.9,Mokotów,False,True,1040000
47.7,2,10.0,15.0,Bemowo,True,True,1145000
26.9,2,42.0,4.6,Praga-Południe,True,True,490000
44.0,2,45.0,6.5,Mokotów,,True,730000
69.8,3,43.0,5.0,Praga-Południe,False,True,1040000
47.4,1,3.0,5.8,Mokotów,True,True,1448000
64.1,3,34.0,1.4,Śródmieście,False,False,1378000
43.9,2,75.0,0.3,Śródmieście,False,True,1354000
18.0,1,97.0,6.3,Śródmieście,False,True,686000
53.8,3,81.0,2.4,Śródmieście,False,True,1748000
79.2,3,94.0,3.6,Mokotów,False,True,1488000
86.7,4,41.0,18.0,Bemowo,False,False,950000
48.1,2,87.0,1.4,Śródmieście,True,False,1782000
50.6,2,37.0,2.4,Mokotów,False,True,776000
21.5,1,5.0,2.4,Mokotów,,False,578000
18.0,1,43.0,1.8,Praga-Południe,,False,300000
25.3,1,47.0,7.4,Praga-Południe,False,True,442000
43.3,2,51.0,9.7,Bemowo,False,False,624000
39.1,1,54.0,2.2,Żoliborz,False,False,675000
40.2,2,54.0,12.1,Bemowo,False,True,709000
24.5,1,9.0,13.0,Bemowo,False,,581000
23.5,1,39.0,1.9,Śródmieście,False,False,578000
19.4,1,45.0,7.9,Praga-Południe,False,True,343000
26.9,1,105.0,2.8,Mokotów,True,False,753000
31.3,1,89.0,4.0,Mokotów,False,False,848000
70.8,4,4.0,4.0,Mokotów,True,True,1819000
49.1,3,42.0,8.5,Praga-Południe,False,True,710000
20.2,1,89.0,5.7,Bemowo,False,True,479000
68.0,3,52.0,2.8,Mokotów,False,False,1037000
51.8,2,106.0,2.8,Praga-Południe,True,False,1195000
23.6,1,119.0,3.8,Żoliborz,False,False,612000
40.3,1,32.0,4.7,Mokotów,True,True,801000
43.1,3,87.0,1.4,Śródmieście,False,False,1564000
35.7,1,83.0,6.4,Mokotów,False,True,932000
69.1,3,33.0,11.9,Bemowo,False,True,934000
25.9,2,73.0,6.3,Mokotów,False,True,482000
43.1,2,34.0,1.6,Mokotów,True,False,725000
31.5,1,8.0,8.2,Praga-Południe,,True,923000
24.8,2,40.0,3.9,Mokotów,True,True,436000
34.9,1,103.0,1.9,Bemowo,False,False,802000
29.5,1,11.0,3.0,Bemowo,True,True,825000
56.8,2,49.0,2.6,Żoliborz,False,False,874000
46.2,2,33.0,6.3,Bemowo,False,True,570000
27.3,2,65.0,8.1,Praga-Południe,False,True,612000
60.7,3,105.0,3.3,Praga-Południe,True,True,1286000
42.5,2,0.0,3.0,Mokotów,,,985000
55.3,2,33.0,5.5,Bemowo,False,,972000
20.0,1,69.0,3.2,Mokotów,False,False,462000
42.9,3,51.0,7.8,Bemowo,,True,738000
53.7,2,37.0,9.5,Praga-Południe,True,False,866000
28.0,1,39.0,3.1,Żoliborz,False,True,472000
37.8,2,96.0,1.4,Mokotów,False,False,849000
60.1,1,104.0,6.4,Praga-Południe,False,True,1297000
53.6,2,48.0,2.7,Praga-Południe,False,True,825000
67.2,3,100.0,13.8,Mokotów,False,False,1178000
45.4,2,2.0,10.5,Mokotów,True,True,1360000
66.8,3,47.0,8.9,Bemowo,False,True,858000
44.3,2,38.0,4.9,Praga-Południe,False,False,726000
43.5,1,106.0,7.6,Bemowo,True,False,1088000
31.6,2,97.0,3.6,Żoliborz,False,True,695000
24.6,1,85.0,3.8,Żoliborz,False,True,696000
76.8,3,43.0,2.5,Bemowo,False,True,1066000
47.6,2,3.0,3.0,Mokotów,False,True,1157000
39.2,2,50.0,6.7,Bemowo,True,True,658000
32.8,1,100.0,13.5,Bemowo,False,True,743000
58.6,2,41.0,2.5,Mokotów,False,True,1053000
61.5,3,51.0,5.7,Mokotów,False,True,1036000
75.7,3,51.0,3.7,Bemowo,False,,1069000
43.1,2,34.0,6.1,Bemowo,False,True,680000
64.6,3,1.0,3.3,Mokotów,False,True,1330000
37.2,2,44.0,5.7,Mokotów,True,True,711000
58.0,3,80.0,0.3,Śródmieście,False,True,2132000
56.1,3,35.0,3.8,Praga-Południe,False,True,855000
72.3,3,6.0,4.4,Żoliborz,False,True,1367000
54.3,3,45.0,13.6,Mokotów,False,True,694000
42.5,2,109.0,7.8,Praga-Południe,False,False,1035000
57.4,3,52.0,3.6,Żoliborz,False,True,835000
73.7,3,30.0,8.3,Mokotów,False,False,1124000
54.6,3,41.0,3.3,Mokotów,False,True,708000
35.9,1,106.0,1.3,Śródmieście,False,False,1610000
53.9,3,40.0,6.8,Bemowo,False,False,787000
49.9,2,5.0,1.1,Mokotów,True,False,1276000
88.8,4,37.0,1.7,Mokotów,False,False,1370000
86.2,3,81.0,1.5,Mokotów,False,False,1540000
32.6,1,95.0,2.2,Śródmieście,False,False,1068000
26.9,1,7.0,12.2,Praga-Południe,True,True,829000
21.1,1,62.0,1.7,Żoliborz,False,True,476000
23.1,1,4.0,4.0,Mokotów,,True,659000
43.8,2,96.0,2.1,Żoliborz,False,False,1078000
66.8,3,54.0,10.6,Bemowo,,False,1104000
31.2,1,1.0,3.4,Bemowo,True,True,1098000
18.4,1,81.0,4.9,Mokotów,False,False,438000
93.1,4,87.0,6.3,Praga-Południe,,False,2007000
64.3,2,106.0,9.5,Bemowo,,True,1029000
89.3,2,34.0,4.1,Praga-Południe,False,False,1465000
26.1,1,39.0,2.5,Mokotów,False,True,515000
52.7,1,49.0,2.5,Żoliborz,True,False,898000
22.8,1,11.0,3.0,Mokotów,True,True,662000
33.7,1,31.0,3.0,Mokotów,False,True,729000
47.2,2,76.0,6.6,Praga-Południe,False,True,1077000
